department,budget_type,project,budget
감사원,일반회계,감사연구활동경비,484
감사원,일반회계,감사활동경비,23177
감사원,일반회계,국제교류협력강화,265
감사원,일반회계,기본경비,10572
감사원,일반회계,수입대체경비,297
감사원,일반회계,인건비,72133
감사원,일반회계,전산운영경비,3589
감사원,일반회계,청사 및 시설물 관리,1257
경찰청,일반회계,감사·인권보호활동,3083
경찰청,일반회계,경비경찰역량강화,184586
경찰청,일반회계,경찰대학운영,10385
경찰청,일반회계,경찰보수교육,8503
경찰청,일반회계,경찰복지증진,11481
경찰청,일반회계,경찰유무선망개선,65226
경찰청,일반회계,경찰장비현대화,239004
경찰청,일반회계,경찰정보화기반고도화(정보화),52826
경찰청,일반회계,교통사고예방,258339
경찰청,일반회계,교통행정전산화(정보화),3129
경찰청,일반회계,국제교류협력활동,2975
경찰청,일반회계,대국민치안정책제공,919
경찰청,일반회계,대테러상황관리,6086
경찰청,일반회계,범죄수사,113304
경찰청,일반회계,범죄예방,23223
경찰청,일반회계,보안경찰활동,34814
경찰청,일반회계,본부기본경비,381109
경찰청,일반회계,본부인건비,7053897
경찰청,일반회계,사이버수사,6715
경찰청,일반회계,소속기관기본경비,11424
경찰청,일반회계,소속기관인건비,84149
경찰청,일반회계,수사경찰전문교육,2493
경찰청,일반회계,신임순경교육,28510
경찰청,일반회계,여성청소년보호활동,38736
경찰청,일반회계,외사경찰활동,15291
경찰청,일반회계,우수인재확보및능력개발,7215
경찰청,일반회계,일반행정업무지원,485697
경찰청,일반회계,정책연구개발(R&D),2200
경찰청,일반회계,첨단과학수사,19021
경찰청,일반회계,치안정보활동,37331
경찰청,일반회계,행정효율성증진및능력개발,2936
경찰청,일반회계,헬기운용 및 현대화,24538
경찰청,일반회계,회계간전출금(책특병원손익계정),33368
경찰청,일반회계,회계간전출금(책특병원자본계정),3183
경찰청,지역발전특별회계,광역교통관리체계개선,15688
경찰청,지역발전특별회계,제주이관인력지원,3547
경찰청,혁신도시건설특별회계,혁신도시건설,79942
경찰청,경찰병원,감가상각비(경찰병원계정),1
경찰청,경찰병원,경찰병원기본경비,3843
경찰청,경찰병원,경찰병원인건비,32675
경찰청,경찰병원,공무원연금부담금(경찰병원계정),2899
경찰청,경찰병원,당기순이익(경찰병원계정),1
경찰청,경찰병원,자산취득,3051
경찰청,경찰병원,장례식장운영,1621
경찰청,경찰병원,진료업무지원,26081
고용노동부,일반회계,고객상담센터운영,1162
고용노동부,일반회계,고용노동통계조사,10446
고용노동부,일반회계,고용노동행정정보화,12918
고용노동부,일반회계,고용노동행정혁신,905
고용노동부,일반회계,고용영향평가사업,3179
고용노동부,일반회계,고용지원인프라운영,37332
고용노동부,일반회계,고용평등환경개선,1400
고용노동부,일반회계,국가ㆍ민간자격관리,136
고용노동부,일반회계,국제기구협력지원,10504
고용노동부,일반회계,국제노동교류협력,494
고용노동부,일반회계,근로감독행정,5154
고용노동부,일반회계,근로조건보호,8812
고용노동부,일반회계,노동위원회운영,5450
고용노동부,일반회계,노사문화구축,5952
고용노동부,일반회계,노사발전재단지원,14139
고용노동부,일반회계,노사정위원회운영,2527
고용노동부,일반회계,노사협력,4588
고용노동부,일반회계,대상별취업지원,274618
고용노동부,일반회계,본부기본경비,14732
고용노동부,일반회계,본부인건비,54706
고용노동부,일반회계,사회보험 사각지대 해소,579265
고용노동부,일반회계,사회적기업육성,64712
고용노동부,일반회계,소속기관기본경비,3064
고용노동부,일반회계,소속기관인건비,25181
고용노동부,일반회계,스펙초월 멘토스쿨 운영,2490
고용노동부,일반회계,실업자능력개발지원,65436
고용노동부,일반회계,실업크레딧지원,12870
고용노동부,일반회계,외국인력관리지원,2402
고용노동부,일반회계,일반회계에서 고용보험기금으로의 전출금(고용보험운영),718
고용노동부,일반회계,일반회계에서 고용보험기금으로의 전출금(모성보호지원),70000
고용노동부,일반회계,일반회계에서 산재기금으로의 전출금,15500
고용노동부,일반회계,일반회계에서 임채기금으로의 전출금(임채기금운영),82
고용노동부,일반회계,일반회계에서 장애인기금으로의 전출금(장애인기금운영),25000
고용노동부,일반회계,장년희망찾기지원,7002
고용노동부,일반회계,정책연구개발,889
고용노동부,일반회계,중소기업청년인턴제,18319
고용노동부,일반회계,지방고용노동관서운영,1031
고용노동부,일반회계,지방청기본경비,12316
고용노동부,일반회계,지방청인건비,212378
고용노동부,일반회계,지역일자리목표공시제,400
고용노동부,일반회계,청관사유지,10348
고용노동부,일반회계,청년강소기업체험프로그램,3455
고용노동부,일반회계,청년취업아카데미운영지원,30139
고용노동부,일반회계,퇴직급여정착지원제도,3241
고용노동부,일반회계,한국고용정보원출연,14834
고용노동부,일반회계,한국기술교육대학교출연,45270
고용노동부,일반회계,한국산업인력공단출연,93505
고용노동부,일반회계,한국잡월드운영,11802
고용노동부,일반회계,한국폴리텍대학출연,171430
고용노동부,일반회계,해외취업지원,35637
고용노동부,일반회계,핵심직무역량평가모델개발및보급,1215
고용노동부,에너지및자원사업특별회계,진폐근로자보호,61896
고용노동부,지역발전특별회계,사회적기업육성,81792
고용노동부,지역발전특별회계,자치단체직업능력개발지원(제주),247
고용노동부,지역발전특별회계,제주이관업무지원,8019
공정거래위원회,일반회계,가맹유통분야 거래행태 개선,594
공정거래위원회,일반회계,공정위 정보화,2411
공정거래위원회,일반회계,기본경비,6877
공정거래위원회,일반회계,대중소기업 동반성장시책 추진,153
공정거래위원회,일반회계,독과점시장 환경개선,1079
공정거래위원회,일반회계,선진 경쟁정책 추진,929
공정거래위원회,일반회계,선진 소비자정책 추진,598
공정거래위원회,일반회계,소비자권익증진 지원,2066
공정거래위원회,일반회계,소비자보호 인프라 운용,3106
공정거래위원회,일반회계,시장구조개선,257
공정거래위원회,일반회계,인건비,36802
공정거래위원회,일반회계,카르텔대응강화,995
공정거래위원회,일반회계,하도급분야 거래행태 개선,700
공정거래위원회,일반회계,한국공정거래조정원 출연,4806
공정거래위원회,일반회계,한국소비자원 출연,37766
공정거래위원회,일반회계,행정지원,4834
관세청,일반회계,FTA이행,5814
관세청,일반회계,관세국경관리연수원,3447
관세청,일반회계,관세정책지원,26318
관세청,일반회계,관세탈루심사지원,4344
관세청,일반회계,관세행정정보화,63762
관세청,일반회계,국제교역협력,6351
관세청,일반회계,밀수단속지원,5104
관세청,일반회계,본청기본경비,9298
관세청,일반회계,본청인건비,42118
관세청,일반회계,소속기관기본경비,19404
관세청,일반회계,소속기관인건비,233508
관세청,일반회계,수출입통관및물류촉진지원,13872
관세청,일반회계,조사감시선진화,25685
관세청,일반회계,청사확보 및 시설개선,22361
교육부,일반회계,BK21 플러스사업,298222
교육부,일반회계,고전문헌 국역 지원,3000
교육부,일반회계,교육기본통계조사.관리,3500
교육부,일반회계,교육기부활성화,4064
교육부,일반회계,교육차관사업(일반회계),2580
교육부,일반회계,교육행정운영,4238
교육부,일반회계,국가직무능력표준구축,24317
교육부,일반회계,국가평생교육진흥원 출연,7332
교육부,일반회계,국립국제교육원 기본경비,2122
교육부,일반회계,국립국제교육원 연수 및 교육과정 운영(수입대체경비),8526
교육부,일반회계,국립국제교육원 인건비,5277
교육부,일반회계,국립대학 교육기반조성,254832
교육부,일반회계,국립대학 국유재산 활용 활성화(수입대체경비),17459
교육부,일반회계,국립대학 기본경비,152181
교육부,일반회계,국립대학 시설확충,365130
교육부,일반회계,국립대학 운영지원,1314247
교육부,일반회계,국립대학 인건비,1669793
교육부,일반회계,국립대학 입시 및 논문심사(수입대체경비),18682
교육부,일반회계,국립대학 자원관리 선진화 시스템,7000
교육부,일반회계,국립대학법인 운영 지원,447500
교육부,일반회계,국립대학병원 여건개선,52100
교육부,일반회계,국립부설학교 학력증진 지원,48042
교육부,일반회계,국제교육 교류 협력 활성화,57984
교육부,일반회계,국제백신연구소 지원,4000
교육부,일반회계,글로벌 교육협력 지원사업,25246
교육부,일반회계,대학교육 역량 강화,54200
교육부,일반회계,대학구조개혁 지원,24451
교육부,일반회계,대학시간강사 처우개선 지원,111065
교육부,일반회계,대학의 여성인력 참여확대 및 능력증진,100
교육부,일반회계,대학자율역량 강화,70414
교육부,일반회계,대학정보공시 통합정보시스템 구축,3230
교육부,일반회계,대학정보화 지원,2660
교육부,일반회계,대학평가지원,2925
교육부,일반회계,동북아역사재단 지원,18585
교육부,일반회계,맞춤형 국가장학금 지원,3845630
교육부,일반회계,보통교부금,38018542
교육부,일반회계,본부 기본경비,13787
교육부,일반회계,본부 인건비,42717
교육부,일반회계,사립학교교직원연금부담금(일반회계),655127
교육부,일반회계,사이버대학 경쟁력 강화 추진,625
교육부,일반회계,산학협력 기반조성,2337
교육부,일반회계,서울대AID차관사업(일반회계),280
교육부,일반회계,소속기관 기본경비,13720
교육부,일반회계,소속기관 인건비,13989
교육부,일반회계,아세안대학 이러닝지원,1838
교육부,일반회계,영어교육활성화지원,1035
교육부,일반회계,이공학학술연구조성,336500
교육부,일반회계,이러닝 세계화,2075
교육부,일반회계,이러닝 활성화,1638
교육부,일반회계,인문사회 출연기관 지원,46105
교육부,일반회계,인문사회학술연구 조성,246359
교육부,일반회계,인적자원개발정책 추진,814
교육부,일반회계,장애인교육지원,6227
교육부,일반회계,재외동포 한민족 정체성 확립,4532
교육부,일반회계,재외동포교육 운영지원,62099
교육부,일반회계,저개발국 교육인재양성 지원,1947
교육부,일반회계,전국 학부모지원센터 운영지원,270
교육부,일반회계,전문대학원 체제정착,3158
교육부,일반회계,정책연구개발사업,1450
교육부,일반회계,중앙교육연수원 교육행정전산화,384
교육부,일반회계,중앙교육연수원 연수생 교육훈련 지원,2210
교육부,일반회계,지역평생교육활성화지원,5831
교육부,일반회계,직업교육체제 혁신,2400
교육부,일반회계,창의적인재육성,14578
교육부,일반회계,초중등교육 역량강화,5973
교육부,일반회계,통계기반 교육정책.연구지원,748
교육부,일반회계,특별교부금,1387024
교육부,일반회계,특수교육 내실화 기반구축,5723
교육부,일반회계,특수교육 연수 및 운영(수입대체경비),657
교육부,일반회계,특수교육정보화지원,580
교육부,일반회계,특수학교 기본경비,5865
교육부,일반회계,특수학교 인건비,30145
교육부,일반회계,평생학습 기반구축,1753
교육부,일반회계,평생학습 활성화지원,20851
교육부,일반회계,평생학습계좌제 도입,542
교육부,일반회계,학생정신 건강센터 지원,1546
교육부,일반회계,학술단체 지원,10168
교육부,일반회계,학술연구 국제교류 강화,8400
교육부,일반회계,학술자원 관리체계 및 연구윤리기반 구축,8830
교육부,일반회계,학술장학지원관연구기획심사평가사업,13200
교육부,일반회계,한국고전번역원 청사이전 신축,1600
교육부,일반회계,한국교육학술정보원 출연,31105
교육부,일반회계,한국바로알리기,1279
교육부,일반회계,한국사 연구.편찬 및 이해증진,5090
교육부,일반회계,한국사능력검정시험운영,3438
교육부,일반회계,한국장학재단 출연,335326
교육부,일반회계,한국형 첨단교실 활용교육 지원,1800
교육부,일반회계,행정업무정보화 지원,10713
교육부,지역발전특별회계,대학교육 역량 강화,59400
교육부,지역발전특별회계,산학협력 선도 전문대학 육성,19500
교육부,지역발전특별회계,산학협력 선도대학(LINC) 육성,246662
교육부,지역발전특별회계,지방대학육성사업,207540
교육부,지역발전특별회계,지역혁신창의인력양성사업,26201
교육부,지역발전특별회계,특성화 전문대학 육성,296924
교육부,지역발전특별회계,학교기업지원사업,10493
교육부,혁신도시건설특별회계,중앙교육연수원 지방이전,31809
국가보훈처,일반회계,고엽제지원,13278
국가보훈처,일반회계,공훈심사,1895
국가보훈처,일반회계,교육지원,41294
국가보훈처,일반회계,교통시설이용지원,9352
국가보훈처,일반회계,국립묘지조성및관리,32084
국가보훈처,일반회계,기념사업,10450
국가보훈처,일반회계,나라사랑정신함양,3661
국가보훈처,일반회계,독립기념관,25091
국가보훈처,일반회계,등록심사,2132
국가보훈처,일반회계,보훈단체지원,22304
국가보훈처,일반회계,보훈보상금,2453902
국가보훈처,일반회계,보훈서비스지원,3850
국가보훈처,일반회계,보훈심사,1373
국가보훈처,일반회계,소속기관기본경비,5396
국가보훈처,일반회계,수당,1120155
국가보훈처,일반회계,수시보상금,24621
국가보훈처,일반회계,의료지원,517815
국가보훈처,일반회계,의료환경개선,13311
국가보훈처,일반회계,인건비,70399
국가보훈처,일반회계,일반행정,3015
국가보훈처,일반회계,정보화,2392
국가보훈처,일반회계,제대군인생활안정,14273
국가보훈처,일반회계,참전.제대군인명예선양,11904
국가보훈처,일반회계,처본부기본경비,4716
국가보훈처,일반회계,청관사임차및시설개선,4173
국가보훈처,일반회계,취업지원,1611
국가보훈처,일반회계,현충시설,17863
국가보훈처,일반회계,회계기금간전출,3685
국가보훈처,일반회계,회계기금간전출(보훈기금),444
국가보훈처,에너지및자원사업특별회계,LPG차량지원,29224
국가보훈처,지역발전특별회계,제주이관업무지원,1701
국가인권위원회,일반회계,국내외 인권협력 강화,491
국가인권위원회,일반회계,기본경비,7593
국가인권위원회,일반회계,사회적 약자 및 소수자 인권보호,1430
국가인권위원회,일반회계,인건비,12816
국가인권위원회,일반회계,인권감수성의 사회적 확산,1044
국가인권위원회,일반회계,인권교육 활성화,1032
국가인권위원회,일반회계,인권위 정보화(정보화),1012
국가인권위원회,일반회계,인권제도 선진화,1508
국가정보원,일반회계,정보활동,478236
국무조정실 및 국무총리비서실,일반회계,KDI 국제정책대학원 연금기금 국가부담금 지원,112
국무조정실 및 국무총리비서실,일반회계,경제인문사회연구회,28161
국무조정실 및 국무총리비서실,일반회계,과학기술정책연구원,10843
국무조정실 및 국무총리비서실,일반회계,국가적중장기 추진과제 지원,4717
국무조정실 및 국무총리비서실,일반회계,국정운영 기획관리 및 평가,4389
국무조정실 및 국무총리비서실,일반회계,국토연구원,28414
국무조정실 및 국무총리비서실,일반회계,규제개혁,1761
국무조정실 및 국무총리비서실,일반회계,기본경비,10162
국무조정실 및 국무총리비서실,일반회계,대국민 및 정당과의 소통,1542
국무조정실 및 국무총리비서실,일반회계,대외경제정책연구원,30243
국무조정실 및 국무총리비서실,일반회계,사회통합 및 안전관리 추진,504
국무조정실 및 국무총리비서실,일반회계,산업연구원,19651
국무조정실 및 국무총리비서실,일반회계,인건비,37560
국무조정실 및 국무총리비서실,일반회계,통일연구원,10239
국무조정실 및 국무총리비서실,일반회계,한국개발연구원,56867
국무조정실 및 국무총리비서실,일반회계,한국교육개발원,17938
국무조정실 및 국무총리비서실,일반회계,한국교육과정평가원,32018
국무조정실 및 국무총리비서실,일반회계,한국교통연구원,15594
국무조정실 및 국무총리비서실,일반회계,한국노동연구원,11629
국무조정실 및 국무총리비서실,일반회계,한국농촌경제연구원,16068
국무조정실 및 국무총리비서실,일반회계,한국법제연구원,12433
국무조정실 및 국무총리비서실,일반회계,한국보건사회연구원,28798
국무조정실 및 국무총리비서실,일반회계,한국여성정책연구원,14505
국무조정실 및 국무총리비서실,일반회계,한국조세재정연구원,27622
국무조정실 및 국무총리비서실,일반회계,한국직업능력개발원,17047
국무조정실 및 국무총리비서실,일반회계,한국청소년정책연구원,8171
국무조정실 및 국무총리비서실,일반회계,한국해양수산개발원,23770
국무조정실 및 국무총리비서실,일반회계,한국행정연구원,11989
국무조정실 및 국무총리비서실,일반회계,한국형사정책연구원,9944
국무조정실 및 국무총리비서실,일반회계,한국환경정책평가연구원,15991
국무조정실 및 국무총리비서실,일반회계,행정지원,5880
국무조정실 및 국무총리비서실,에너지및자원사업특별회계,에너지경제연구원,13183
국민권익위원회,일반회계,국민고충해소,1115
국민권익위원회,일반회계,국민권익구제,1011
국민권익위원회,일반회계,국민권익문화확산,1242
국민권익위원회,일반회계,권익개선정책추진,6043
국민권익위원회,일반회계,권익증진교류·협력,862
국민권익위원회,일반회계,권익행정정보화,4530
국민권익위원회,일반회계,기본경비,7966
국민권익위원회,일반회계,반부패청렴정책강화,6425
국민권익위원회,일반회계,세종청사이전,2059
국민권익위원회,일반회계,인건비,33673
국방부,일반회계,간부주거시설,604663
국방부,일반회계,건강보험부담금,259869
국방부,일반회계,공군82정비창 운영,2286
국방부,일반회계,공군83정비창 운영,2886
국방부,일반회계,공군종합보급창 운영,1184
국방부,일반회계,공무원인건비,51449
국방부,일반회계,과학화훈련,52249
국방부,일반회계,교육시설,155068
국방부,일반회계,교육용탄약,358047
국방부,일반회계,국군대전병원운영,11952
국방부,일반회계,국군수도병원운영,29420
국방부,일반회계,국군의학연구소 운영,1569
국방부,일반회계,국군인쇄창운영,23304
국방부,일반회계,국방정책지원,547051
국방부,일반회계,국방홍보사업,16936
국방부,일반회계,국방홍보원인건비,9935
국방부,일반회계,군무원인건비,1472731
국방부,일반회계,군의무,195390
국방부,일반회계,군인사,85671
국방부,일반회계,군인양성교육,26234
국방부,일반회계,군인인건비,9244512
국방부,일반회계,군인적자원개발교육,72773
국방부,일반회계,급식비,1549179
국방부,일반회계,기본경비,385735
국방부,일반회계,무관부활동,10888
국방부,일반회계,물자획득,214598
국방부,일반회계,병영기본시설,348668
국방부,일반회계,병영문화개선,12970
국방부,일반회계,부지매입,13459
국방부,일반회계,수송활동,102418
국방부,일반회계,시설유지운영,771157
국방부,일반회계,연료확보,1086885
국방부,일반회계,예비군훈련장확보,28106
국방부,일반회계,예비전력유지,99421
국방부,일반회계,육군1보급단 운영,977
국방부,일반회계,육군2보급창운영,989
국방부,일반회계,육군3보급창운영,1696
국방부,일반회계,육군종합정비창 운영,29220
국방부,일반회계,일반시설개선,874973
국방부,일반회계,장병여비지원,64213
국방부,일반회계,장비유지,2484091
국방부,일반회계,장비획득,397020
국방부,일반회계,재난및안전관리,7391
국방부,일반회계,전쟁기념사업회,10934
국방부,일반회계,전직지원,3205
국방부,일반회계,정보통신체계운영,540142
국방부,일반회계,정책연구활동,839
국방부,일반회계,정훈문화활동,28990
국방부,일반회계,주한미군 기타분담금,15960
국방부,일반회계,주한미군 방위비분담금,844800
국방부,일반회계,주한미군 시설부지지원,10564
국방부,일반회계,탄약관리,87216
국방부,일반회계,피복비,500916
국방부,일반회계,한국국방연구원 운영,37781
국방부,일반회계,합동상호운용성기술센터 운영,2794
국방부,일반회계,해군1함대정비대대 운영,1113
국방부,일반회계,해군2함대정비대대 운영,1597
국방부,일반회계,해군3함대정비대대 운영,587
국방부,일반회계,해군보급창운영,6743
국방부,일반회계,해군정비창 운영,5229
국방부,일반회계,해외파병,50812
국방부,일반회계,회계기금간전출(일반회계),2503426
국방부,일반회계,훈련 및 교육 지원,79148
국방부,국방·군사시설이전특별회계,군시설이전사업,183096
국방부,국방·군사시설이전특별회계,사유재산정리,16000
국방부,국방·군사시설이전특별회계,회계기금간 공공자금 예탁금,154376
국방부,주한미군기지이전특별회계,미군기지이전사업,595978
국방부,주한미군기지이전특별회계,미군기지이전지원,119190
국방부,주한미군기지이전특별회계,회계기금간예수이자상환(공공자금관리기금),60610
국방부,혁신도시건설특별회계,국방대학교 이전,106724
국세청,일반회계,FIU정보통합분석시스템(FOCAS)운영(정보화),1005
국세청,일반회계,공매수수료 지급(수입대체경비),572
국세청,일반회계,국세징수활동지원,118747
국세청,일반회계,국세통합시스템 운영관리(정보화),6086
국세청,일반회계,국세행정 전산화(정보화),54099
국세청,일반회계,납세고지서 등 발송,37178
국세청,일반회계,납세안내 및 세금교육 지원,3285
국세청,일반회계,납세자 권익보호 및 성실납세지원,213
국세청,일반회계,납세조합법정교부금,3175
국세청,일반회계,법무심사지원,7341
국세청,일반회계,본부 기본경비,41455
국세청,일반회계,본부 인건비,1065671
국세청,일반회계,부동산납세 지원,1953
국세청,일반회계,소속기관 기본경비,7989
국세청,일반회계,역외탈세대응활동,7566
국세청,일반회계,조세박물관 운영,1465
국세청,일반회계,지방국세청 기본경비,107083
국세청,일반회계,직장어린이집 운영,1708
국세청,일반회계,차세대 국세행정시스템 전면 개편(정보화),27935
국세청,일반회계,청사확보 및 환경개선,28691
국세청,일반회계,체납정리지원,5576
국세청,일반회계,취업후학자금 상환제도 운영지원,377
국세청,일반회계,취업후학자금상환 전산시스템 운영(정보화),2747
국세청,일반회계,현금영수증제도 활성화,3157
국세청,혁신도시건설특별회계,공공기관 지방이전,52199
국토교통부,일반회계,U-City 지원,2000
국토교통부,일반회계,개발제한구역관리정보화(정보화),90
국토교통부,일반회계,건설공사기준운영,1800
국토교통부,일반회계,건설공사품질관리(수입대체),606
국토교통부,일반회계,건설기계임대료체납신고센터운영,200
국토교통부,일반회계,건설기계확인검사시설및장비구축사업,330
국토교통부,일반회계,건설기술제도선진화,633
국토교통부,일반회계,건설기술혁신(R&D),90312
국토교통부,일반회계,건설사업정보화(정보화),3251
국토교통부,일반회계,건설산업종합정보망(정보화),1600
국토교통부,일반회계,건설신기술운영,1819
국토교통부,일반회계,건축서비스산업 지원,694
국토교통부,일반회계,건축정보화(정보화),4209
국토교통부,일반회계,골재자원조사및관리,1580
국토교통부,일반회계,공사비산정기준관리운영,1000
국토교통부,일반회계,공업용수도건설(출자),5948
국토교통부,일반회계,광역상수도건설출자,53082
국토교통부,일반회계,교통계획 및 평가,2800
국토교통부,일반회계,교통물류연구,41474
국토교통부,일반회계,교통사고예방및피해자보호,7828
국토교통부,일반회계,교통신기술 지정,324
국토교통부,일반회계,교통안전공단출연,37510
국토교통부,일반회계,교통안전정보관리시스템(정보화),448
국토교통부,일반회계,교통영향분석자료 DB구축(정보화),51
국토교통부,일반회계,국가건축정책위원회 운영,1073
국토교통부,일반회계,국가교통조사및DB구축(정보화),6027
국토교통부,일반회계,국가물류정보화(정보화),1530
국토교통부,일반회계,국가하천정비지원,947289
국토교통부,일반회계,국유재산관리,480
국토교통부,일반회계,국제항공협력,1616
국토교통부,일반회계,국토공간정보체계구축 및 지원,4055
국토교통부,일반회계,국토공간정보체계구축및지원(정보화),37260
국토교통부,일반회계,국토교통국제협력,3004
국토교통부,일반회계,국토교통기술역량강화(R&D),76739
국토교통부,일반회계,국토교통역량교육사업,600
국토교통부,일반회계,국토교통연구기획(R&D),3600
국토교통부,일반회계,국토교통연구성과활용,1260
국토교통부,일반회계,국토교통인재개발원운영지원,1752
국토교통부,일반회계,국토교통재난정보체계(정보화),105
국토교통부,일반회계,국토교통정책지원,2732
국토교통부,일반회계,국토교통행정정보화(정보화),4040
국토교통부,일반회계,국토이용정보화(정보화),3779
국토교통부,일반회계,국토정보제도선진화,20712
국토교통부,일반회계,국토정책지원,1094
국토교통부,일반회계,국토지리정보원기본경비,1178
국토교통부,일반회계,국토지리정보원인건비,6673
국토교통부,일반회계,국토지형관리,84885
국토교통부,일반회계,굴포천치수,80000
국토교통부,일반회계,녹색건축물보급 활성화 지원,6436
국토교통부,일반회계,댐건설,215790
국토교통부,일반회계,댐운영지원,37175
국토교통부,일반회계,도시개발,1270
국토교통부,일반회계,도시건축연구,58026
국토교통부,일반회계,도시경관및건축문화품격향상,9199
국토교통부,일반회계,도시재생사업,43060
국토교통부,일반회계,물류산업지원,5905
국토교통부,일반회계,방조제 관리 지원,1680
국토교통부,일반회계,본부기본경비,15889
국토교통부,일반회계,본부운영지원,2287
국토교통부,일반회계,본부인건비,101514
국토교통부,일반회계,본부전산운영경비,3773
국토교통부,일반회계,부동산공시,80690
국토교통부,일반회계,부동산행정정보화,9202
국토교통부,일반회계,산업단지지원(일반),38735
국토교통부,일반회계,산업입지정보망(정보화),479
국토교통부,일반회계,소속기관기본경비,6595
국토교통부,일반회계,소속기관운영지원,8359
국토교통부,일반회계,소속기관인건비,27143
국토교통부,일반회계,소속기관전산운영경비,2045
국토교통부,일반회계,수도권복합물류터미널건설,10951
국토교통부,일반회계,수문조사및홍수예보지원,48720
국토교통부,일반회계,수입대체경비,746
국토교통부,일반회계,수자원계획및조사,27347
국토교통부,일반회계,수자원정보화(정보화),2290
국토교통부,일반회계,용산공원 조성사업,988
국토교통부,일반회계,자동차안전도강화,11380
국토교통부,일반회계,자동차전산망(정보화),3202
국토교통부,일반회계,저탄소 녹색교통체계 구축,4025
국토교통부,일반회계,전산운영경비,630
국토교통부,일반회계,정책연구개발(R&D),2000
국토교통부,일반회계,제주국제자유도시,1440
국토교통부,일반회계,주거환경개선지원,148100
국토교통부,일반회계,주택가격조사지원,61624
국토교통부,일반회계,주택정책지원,18827
국토교통부,일반회계,지방광역상수도(보조),10101
국토교통부,일반회계,지방청등기본경비,7853
국토교통부,일반회계,지방청등인건비,123483
국토교통부,일반회계,지방하천정비지원,675400
국토교통부,일반회계,철도경찰범죄관리시스템 구축(정보화),290
국토교통부,일반회계,철도산업정보화(정보화),1478
국토교통부,일반회계,철도안전(일반),759377
국토교통부,일반회계,철도운영지원(일반),350863
국토교통부,일반회계,철도정책지원,24176
국토교통부,일반회계,청사확보 및 시설개선,915
국토교통부,일반회계,치수능력증대사업,122259
국토교통부,일반회계,토석정보공유시스템(정보화),175
국토교통부,일반회계,토지이용,150
국토교통부,일반회계,플랜트연구,27506
국토교통부,일반회계,하천편입토지보상(총액계상),50000
국토교통부,일반회계,한국시설안전기술공단,10303
국토교통부,일반회계,항공안전검사수입대체,352
국토교통부,일반회계,항공안전관리,305
국토교통부,일반회계,항공운영지원,6216
국토교통부,일반회계,항공인력양성,4800
국토교통부,일반회계,항공정보화사업(정보화),1598
국토교통부,일반회계,해안권및내륙권발전지원,334
국토교통부,일반회계,해외건설시장개척,16178
국토교통부,일반회계,해외건설인력양성,5270
국토교통부,일반회계,행정능률향상 및 능력개발,4279
국토교통부,일반회계,화물자동차지원(일반),2884
국토교통부,일반회계,회계간전출(일반회계),15248896
국토교통부,일반회계,회계기금간예수원금상환(일반회계),39811
국토교통부,일반회계,회계기금간예수이자상환(일반회계),4251
국토교통부,일반회계,회계기금간전출(일반회계),709012
국토교통부,교통시설특별회계,경량전철건설지원,1000
국토교통부,교통시설특별회계,고속도로건설,1461065
국토교통부,교통시설특별회계,고속도로조사설계,61545
국토교통부,교통시설특별회계,고속철도건설,531238
국토교통부,교통시설특별회계,공무원연금부담금(교특회계 도로계정),333
국토교통부,교통시설특별회계,교통약자이동편의증진,40475
국토교통부,교통시설특별회계,국제협력기구 지원 등,1740
국토교통부,교통시설특별회계,대중교통체계구축,24740
국토교통부,교통시설특별회계,도로건설 및 관리 종합연구,6700
국토교통부,교통시설특별회계,도로병목지점 개선,159000
국토교통부,교통시설특별회계,도로보수(총액계상),923451
국토교통부,교통시설특별회계,도로안전 및 환경개선(총액계상),145222
국토교통부,교통시설특별회계,도로운영,59537
국토교통부,교통시설특별회계,도시철도부채상환지원,11815
국토교통부,교통시설특별회계,도청신도시기반시설지원,16420
국토교통부,교통시설특별회계,물류간선1차,179547
국토교통부,교통시설특별회계,민자유치사업지원,1734580
국토교통부,교통시설특별회계,소음대책,8650
국토교통부,교통시설특별회계,소형공항건설,8000
국토교통부,교통시설특별회계,시관내국도대체우회도로건설,161562
국토교통부,교통시설특별회계,시관내국도대체우회도로조사설계,15866
국토교통부,교통시설특별회계,운수행정정보화(정보화),165
국토교통부,교통시설특별회계,위험도로개선,84500
국토교통부,교통시설특별회계,이동편의시설 설치지원,12000
국토교통부,교통시설특별회계,일반공항관리,6242
국토교통부,교통시설특별회계,일반국도건설,1303418
국토교통부,교통시설특별회계,일반국도조사설계,64974
국토교통부,교통시설특별회계,일반철도건설,3979318
국토교통부,교통시설특별회계,일반철도조사설계,30440
국토교통부,교통시설특별회계,자전거도로 구축,7720
국토교통부,교통시설특별회계,지역간선국도3차,125521
국토교통부,교통시설특별회계,지역간선국도4차,182529
국토교통부,교통시설특별회계,지역간선국도5차,628825
국토교통부,교통시설특별회계,지역간선국도6차,355846
국토교통부,교통시설특별회계,지역간선국도7차,309539
국토교통부,교통시설특별회계,지역간선국도8차,301530
국토교통부,교통시설특별회계,지하철개통지원,6584
국토교통부,교통시설특별회계,지하철건설지원,627440
국토교통부,교통시설특별회계,철도기술연구,97589
국토교통부,교통시설특별회계,철도시설공단지원,83841
국토교통부,교통시설특별회계,철도안전(교특),14650
국토교통부,교통시설특별회계,철도운영지원(교특),436467
국토교통부,교통시설특별회계,첨단도로교통체계,64212
국토교통부,교통시설특별회계,타계정전출금(교특회계),142183
국토교통부,교통시설특별회계,항공기술연구,43638
국토교통부,교통시설특별회계,항공안전운영,27983
국토교통부,교통시설특별회계,항행안전시설,72093
국토교통부,교통시설특별회계,회계간거래(전출금),535924
국토교통부,교통시설특별회계,회계간전출(교특회계),805848
국토교통부,교통시설특별회계,회계기금간예수원금상환(교특회계 도시철도),11000
국토교통부,교통시설특별회계,회계기금간예수이자상환(교특회계 도시철도),360
국토교통부,에너지및자원사업특별회계,건축정보화(정보화),6777
국토교통부,지역발전특별회계, 해양 및 수자원관리(제주),80
국토교통부,지역발전특별회계,개발부담금 징수 및 관리,17464
국토교통부,지역발전특별회계,개발제한구역지원,132071
국토교통부,지역발전특별회계,광역BRT(지특),500
국토교통부,지역발전특별회계,광역도로,82586
국토교통부,지역발전특별회계,광역철도건설지원,535924
국토교통부,지역발전특별회계,국가지원지방도건설,545043
국토교통부,지역발전특별회계,기반시설부담금운영,1480
국토교통부,지역발전특별회계,기업도시기반시설지원,3600
국토교통부,지역발전특별회계,대도시권광역교통계획수립,760
국토교통부,지역발전특별회계,대중교통지원(경제),77787
국토교통부,지역발전특별회계,대중교통지원(생활),85009
국토교통부,지역발전특별회계,도시BRT(지특),3000
국토교통부,지역발전특별회계,도시활력증진지역개발,104167
국토교통부,지역발전특별회계,산업단지진입도로지원,761003
국토교통부,지역발전특별회계,성장촉진지역개발,209095
국토교통부,지역발전특별회계,제주 구국도 건설,22000
국토교통부,지역발전특별회계,제주 구국도 유지관리,28710
국토교통부,지역발전특별회계,제주 도로관리단 지원,3382
국토교통부,지역발전특별회계,제주국제자유도시기반시설지원,4708
국토교통부,지역발전특별회계,주차환경개선지원,17638
국토교통부,지역발전특별회계,주차환경개선지원(세종),1000
국토교통부,지역발전특별회계,주차환경개선지원(제주),3800
국토교통부,지역발전특별회계,지역거점조성지원,90596
국토교통부,지역발전특별회계,지역발전거점센터지원,7882
국토교통부,지역발전특별회계,초광역 개발권 시범사업 지원,26682
국토교통부,지역발전특별회계,환승체계구축(지특),10250
국토교통부,혁신도시건설특별회계,혁신도시,6082
국토교통부,혁신도시건설특별회계,회계기금간예수원금상환(혁특회계),280000
국토교통부,혁신도시건설특별회계,회계기금간예수이자상환(혁특회계),37295
국회,일반회계,국가재정분석및사업평가,2693
국회,일반회계,국회방송운영,14119
국회,일반회계,국회청사확보및시설관리,28036
국회,일반회계,국회활동관련단체지원,9413
국회,일반회계,기획관리및운영지원,1173
국회,일반회계,도서관 기본경비,1484
국회,일반회계,도서관 인건비,21735
국회,일반회계,도서관운영지원,962
국회,일반회계,도서관자료확충및보존,7322
국회,일반회계,법제활동지원,1018
국회,일반회계,사무처 기본경비,19985
국회,일반회계,사무처 인건비,265671
국회,일반회계,예비금,1300
국회,일반회계,예산정책처정보화,703
국회,일반회계,예산처 기본경비,1977
국회,일반회계,예산처 인건비,9362
국회,일반회계,위원회운영지원,10950
국회,일반회계,의정지원,66410
국회,일반회계,의회외교,10510
국회,일반회계,의회운영교육 수입대체경비,126
국회,일반회계,의회운영지원,14091
국회,일반회계,입법및정책조사분석,1841
국회,일반회계,입법정보지원,915
국회,일반회계,입법정보화,16325
국회,일반회계,입법조사처 정보화,753
국회,일반회계,전자도서관운영,8594
국회,일반회계,조사처 기본경비,1355
국회,일반회계,조사처 인건비,8778
금융위원회,일반회계,FIU전산망구축운영,4786
금융위원회,일반회계,금융관련국제협력,441
금융위원회,일반회계,금융소비자보호,386
금융위원회,일반회계,금융중심지조성과발전,767
금융위원회,일반회계,금융행정지원,5040
금융위원회,일반회계,본부 기본경비,6027
금융위원회,일반회계,본부 인건비,16473
금융위원회,일반회계,"산업은행,수출입은행 출자",50000
금융위원회,일반회계,산업은행·중소기업은행 출자,80000
금융위원회,일반회계,소속기관 기본경비,1040
금융위원회,일반회계,소속기관 인건비,4158
금융위원회,일반회계,자금세탁방지추진,1226
금융위원회,일반회계,저축장려,49458
금융위원회,일반회계,행정정보화,515
금융위원회,일반회계,회계기금간전출(일반회계),1000000
기상청,일반회계,고층기상관측,13760
기상청,일반회계,교육훈련 및 대국민 기상인식 제고,3739
기상청,일반회계,국가태풍센터 운영,1090
기상청,일반회계,국제기상협력 및 선진기술 습득,4254
기상청,일반회계,기상 See-At 기술개발,22799
기상청,일반회계,기상관측위성개발,67703
기상청,일반회계,기상산업 진흥,10203
기상청,일반회계,기상업무지원기술개발,15073
기상청,일반회계,기상용슈퍼컴운영,25658
기상청,일반회계,기상정보시스템 운영,15859
기상청,일반회계,기후변화 과학정보 생산 및 서비스,5377
기상청,일반회계,기후분야 국제협력 활동 강화,1080
기상청,일반회계,기후자료 관리 서비스,3449
기상청,일반회계,본부 기본경비,7669
기상청,일반회계,본부인건비,31362
기상청,일반회계,선진기상기술개발,16399
기상청,일반회계,소속기관 기본경비,1717
기상청,일반회계,소속기관 인건비,10150
기상청,일반회계,아태 기후정보서비스 및 연구개발,7450
기상청,일반회계,예보 및 통보체계 개선,7779
기상청,일반회계,지방청 기본경비,8212
기상청,일반회계,지방청인건비,34023
기상청,일반회계,지상기상관측,16479
기상청,일반회계,지진관측,9054
기상청,일반회계,책임행정기관 기본경비,824
기상청,일반회계,책임행정기관 인건비,6238
기상청,일반회계,청사 시설 개선,10534
기상청,일반회계,한국형수치예보모델개발,8529
기상청,일반회계,항공기상장비보강 및 운영,4865
기상청,일반회계,항공기상정보시스템 운영,1407
기상청,일반회계,해양기상관측,12955
기획재정부,일반회계,경제발전경험공유사업,28728
기획재정부,일반회계,경제정책조정지원,4395
기획재정부,일반회계,경제혁신 3개년계획 점검 및 관리,200
기획재정부,일반회계,경제협력강화지원,2881
기획재정부,일반회계,공공기관 평가 및 관리,4933
기획재정부,일반회계,국가경쟁력 강화 지원,150
기획재정부,일반회계,국가계약제도지원,39
기획재정부,일반회계,국가재정운용계획수립,1719
기획재정부,일반회계,국가회계운영,2356
기획재정부,일반회계,국고보조금 관리 및 제도개선,141
기획재정부,일반회계,국고업무관리지원,866
기획재정부,일반회계,국민경제자문회의 지원단 운영,2191
기획재정부,일반회계,국유재산관리,3463
기획재정부,일반회계,국제 재정협력 강화,581
기획재정부,일반회계,국제금융강화지원,26231
기획재정부,일반회계,국제금융기구 출연,107482
기획재정부,일반회계,국제금융센터보조,2000
기획재정부,일반회계,국제기구 공동연구 자문,205
기획재정부,일반회계,글로벌 창조지식경제단지 조성,5500
기획재정부,일반회계,기금 및 부담금 평가,437
기획재정부,일반회계,기획재정 정책지원,6653
기획재정부,일반회계,기획재정 행정효율성 증진 및 능력개발,758
기획재정부,일반회계,기획재정정보화,4715
기획재정부,일반회계,기획재정해외네트워크구축,1105
기획재정부,일반회계,디지털예산회계시스템 운영,26270
기획재정부,일반회계,본부 기본경비,19021
기획재정부,일반회계,본부 인건비,74989
기획재정부,일반회계,산업기반신용보증기금 출연,18000
기획재정부,일반회계,소비자물가관리,1103
기획재정부,일반회계,연구개발예산편성지원,350
기획재정부,일반회계,예비비,3006446
기획재정부,일반회계,일시차입금이자상환,60000
기획재정부,일반회계,재정사업 타당성조사,12122
기획재정부,일반회계,재정사업평가,2324
기획재정부,일반회계,재정운용 협의기반 구축·운영,1132
기획재정부,일반회계,재정집행관리,345
기획재정부,일반회계,조세정책지원,5567
기획재정부,일반회계,중장기 경제전략 기획사업,995
기획재정부,일반회계,청년위원회 운영,4865
기획재정부,일반회계,한국수출입은행 출자,40000
기획재정부,일반회계,회계간거래(지역발전특별회계),2969567
기획재정부,일반회계,회계기금간예수이자상환(일반회계),8707634
기획재정부,일반회계,회계기금간전출(일반회계),1844755
농림축산식품부,일반회계,검역검사(R&D),35194
농림축산식품부,일반회계,검역검사정보화,7844
농림축산식품부,일반회계,국제협력협상,33756
농림축산식품부,일반회계,농식품공무원교육원교육경비,2438
농림축산식품부,일반회계,농식품공무원교육원정보화,458
농림축산식품부,일반회계,농어촌공사시설관리,161038
농림축산식품부,일반회계,농업기반시설활용,15000
농림축산식품부,일반회계,동축산물검역검사,10796
농림축산식품부,일반회계,본부기본경비,10111
농림축산식품부,일반회계,본부인건비,46536
농림축산식품부,일반회계,소속기관기본경비,17527
농림축산식품부,일반회계,소속기관인건비,137061
농림축산식품부,일반회계,식물검역검사및수출지원,10553
농림축산식품부,일반회계,종자원기본경비,2278
농림축산식품부,일반회계,종자원인건비,10805
농림축산식품부,일반회계,청사확보 및 시설개선,6073
농림축산식품부,일반회계,한국농수산대학교육운영(책임운영),22550
농림축산식품부,일반회계,"한국농수산대학정보화교육(정보화, 책임운영)",1088
농림축산식품부,일반회계,행정지원,8123
농림축산식품부,일반회계,회계간전출(일반회계),4662529
농림축산식품부,일반회계,회계기금간전출(일반회계),194253
농림축산식품부,농어촌구조개선특별회계,가축검역(농특),15159
농림축산식품부,농어촌구조개선특별회계,가축방역(농특),176048
농림축산식품부,농어촌구조개선특별회계,경쟁력제고(농특),48385
농림축산식품부,농어촌구조개선특별회계,공자기금예수이자상환(농특회계),43011
농림축산식품부,농어촌구조개선특별회계,구조개선계정전출,1821649
농림축산식품부,농어촌구조개선특별회계,농가소득보전,1201116
농림축산식품부,농어촌구조개선특별회계,농림행정정보화(정보화),7305
농림축산식품부,농어촌구조개선특별회계,농산물안전성관리,52248
농림축산식품부,농어촌구조개선특별회계,농산물유통개선(농특),24803
농림축산식품부,농어촌구조개선특별회계,농식품기술개발,180739
농림축산식품부,농어촌구조개선특별회계,농식품소비정보관리(정보화),703
농림축산식품부,농어촌구조개선특별회계,농식품수출촉진,37455
농림축산식품부,농어촌구조개선특별회계,농업경영체교육훈련,46410
농림축산식품부,농어촌구조개선특별회계,농업경영체육성 및 관리,2475
농림축산식품부,농어촌구조개선특별회계,농업관측,8071
농림축산식품부,농어촌구조개선특별회계,농업기계장비,22000
농림축산식품부,농어촌구조개선특별회계,농업농촌알리기,8354
농림축산식품부,농어촌구조개선특별회계,농업시설개선(농특),613280
농림축산식품부,농어촌구조개선특별회계,농업재해보험,285349
농림축산식품부,농어촌구조개선특별회계,농업정보환경지원(정보화),7046
농림축산식품부,농어촌구조개선특별회계,농촌복지증진,456525
농림축산식품부,농어촌구조개선특별회계,농촌지역개발(농특),47615
농림축산식품부,농어촌구조개선특별회계,농협사업구조개편,174550
농림축산식품부,농어촌구조개선특별회계,다목적 용수개발,305000
농림축산식품부,농어촌구조개선특별회계,대단위농업개발 및 시설정비,137237
농림축산식품부,농어촌구조개선특별회계,도농교류활성화,14639
농림축산식품부,농어촌구조개선특별회계,식량생산유통지원,19695
농림축산식품부,농어촌구조개선특별회계,식품산업기반조성(농특),4952
농림축산식품부,농어촌구조개선특별회계,식품산업육성,23556
농림축산식품부,농어촌구조개선특별회계,식품안전및규격(농특),12061
농림축산식품부,농어촌구조개선특별회계,이차보전,282553
농림축산식품부,농어촌구조개선특별회계,재해대책,109200
농림축산식품부,농어촌구조개선특별회계,재해예방(농특),383500
농림축산식품부,농어촌구조개선특별회계,정책연구개발(R&D),2503
농림축산식품부,농어촌구조개선특별회계,정책자금관리,2552
농림축산식품부,농어촌구조개선특별회계,종자산업육성(농특),21192
농림축산식품부,농어촌구조개선특별회계,종자원정보화(정보화),1407
농림축산식품부,농어촌구조개선특별회계,채무상환,17767
농림축산식품부,농어촌구조개선특별회계,축산물위생안전성(농특),4391
농림축산식품부,농어촌구조개선특별회계,친환경농자재,231702
농림축산식품부,농어촌구조개선특별회계,품질관리정보화(정보화),4709
농림축산식품부,농어촌구조개선특별회계,회계간전출(농특회계),1271700
농림축산식품부,농어촌구조개선특별회계,회계기금간예수원금상환(농특회계),200000
농림축산식품부,농어촌구조개선특별회계,회계기금간전출(농특회계),1349544
농림축산식품부,에너지및자원사업특별회계,농업에너지이용효율화(융자),23406
농림축산식품부,에너지및자원사업특별회계,농업에너지이용효율화(투자),51405
농림축산식품부,지역발전특별회계,농업기반정비,149219
농림축산식품부,지역발전특별회계,농업기반정비(세종),1723
농림축산식품부,지역발전특별회계,농업기반정비(제주),23276
농림축산식품부,지역발전특별회계,농촌자원 복합산업화지원,152917
농림축산식품부,지역발전특별회계,농촌자원 복합산업화지원(제주),5995
농림축산식품부,지역발전특별회계,농촌자원복합산업화지원(세종),1509
농림축산식품부,지역발전특별회계,일반농산어촌개발,969564
농림축산식품부,지역발전특별회계,일반농산어촌개발(세종),4840
농림축산식품부,지역발전특별회계,일반농산어촌개발(제주),18930
농림축산식품부,지역발전특별회계,지역전략식품산업육성(생활),40399
농림축산식품부,지역발전특별회계,지역전략식품산업육성(제주),3500
농림축산식품부,지역발전특별회계,친환경농업인프라구축(지특),11450
농림축산식품부,혁신도시건설특별회계,혁신도시이전,74439
농림축산식품부,양곡관리특별회계,양곡매입 및 관리,1514344
농림축산식품부,양곡관리특별회계,채무상환(양특),28254
농촌진흥청,일반회계,국제농업기술협력(일반),19491
농촌진흥청,일반회계,농가경영지원(일반),10130
농촌진흥청,일반회계,농업공동연구,132015
농촌진흥청,일반회계,농업기술경영연구(일반),5353
농촌진흥청,일반회계,농업기술실용화재단운영,24242
농촌진흥청,일반회계,농업기술실용화재단지방이전,6574
농촌진흥청,일반회계,농업기술위탁교육(수입대체경비),33
농촌진흥청,일반회계,농업기초기반연구,57996
농촌진흥청,일반회계,농업생명연구단지 이전,27551
농촌진흥청,일반회계,농업인력양성및지원(일반),14795
농촌진흥청,일반회계,농자재관리 및 평가,1085
농촌진흥청,일반회계,"농촌진흥사업정보화(정보화,일반)",15425
농촌진흥청,일반회계,농촌진흥사업지원(일반),2338
농촌진흥청,일반회계,본청기본경비,9994
농촌진흥청,일반회계,본청인건비,30426
농촌진흥청,일반회계,성과관리및능력개발,573
농촌진흥청,일반회계,소속기관기본경비,5544
농촌진흥청,일반회계,소속기관인건비,60122
농촌진흥청,일반회계,신기술보급사업(일반),38308
농촌진흥청,일반회계,영농현장연구활동지원(일반),13519
농촌진흥청,일반회계,원예특작연구(책임운영),78823
농촌진흥청,일반회계,작물연구,41573
농촌진흥청,일반회계,차세대바이오그린21,46000
농촌진흥청,일반회계,청사확보및시설개선,2744
농촌진흥청,일반회계,축산연구(책임운영),100302
농촌진흥청,농어촌구조개선특별회계,"고객현장지원(농특,구조)",1302
농촌진흥청,농어촌구조개선특별회계,"기계화영농훈련(농특,구조)",3006
농촌진흥청,농어촌구조개선특별회계,"농촌생활활력증진(농특,구조)",2375
농촌진흥청,농어촌구조개선특별회계,"현장실용화농업기술(농특,구조)",42236
농촌진흥청,지역발전특별회계,6차산업활성화 지원,31320
농촌진흥청,지역발전특별회계,"지역농업연구기반및전략작목육성(지특, 경제)",22828
농촌진흥청,지역발전특별회계,"지역농업연구기반및전략작목육성(지특, 제주)",1388
농촌진흥청,지역발전특별회계,지역농촌지도사업활성화지원,43033
농촌진흥청,혁신도시건설특별회계,농촌진흥청 지방이전사업,346175
대법원,일반회계,가족관계등록사무지원,20855
대법원,일반회계,가족등록업무전산화,20692
대법원,일반회계,국선변호료지원,29388
대법원,일반회계,디지털도서관개발 및 운영,1521
대법원,일반회계,민사재판운영지원,12557
대법원,일반회계,법관등 전문화 및 국제화,8276
대법원,일반회계,법원시설관리 등,38385
대법원,일반회계,법원예비금,500
대법원,일반회계,본부 기본경비,63439
대법원,일반회계,본부인건비,876365
대법원,일반회계,사법업무 전산화,51864
대법원,일반회계,사법운영지원,62669
대법원,일반회계,소속기관 기본경비,6404
대법원,일반회계,소속기관 인건비,35256
대법원,일반회계,일반재판운영지원,40359
대법원,일반회계,형사재판운영지원,47793
대법원,등기특별회계,등기소 확충,24280
대법원,등기특별회계,등기업무 전산화,55846
대법원,등기특별회계,등기업무지원,22920
대법원,등기특별회계,본부 기본경비,5635
대법원,등기특별회계,본부 인건비,102797
대법원,등기특별회계,예비비,4869
대법원,등기특별회계,회계간전출(일반회계),78510
대법원,등기특별회계,회계기금간거래(등특회계),9023
대통령경호실,일반회계,경호행사지원,30480
대통령경호실,일반회계,기본경비,8202
대통령경호실,일반회계,인건비,41423
대통령비서실 및 국가안보실,일반회계,국가안보실 운영,2682
대통령비서실 및 국가안보실,일반회계,국정운영 지원,29673
대통령비서실 및 국가안보실,일반회계,기본경비,18133
대통령비서실 및 국가안보실,일반회계,인건비,31800
대통령비서실 및 국가안보실,일반회계,정보화,6400
문화재청,일반회계,국립고궁박물관조성운영,10724
문화재청,일반회계,국제교류및세계유산등재,42425
문화재청,일반회계,궁능원시설관리운영,40402
문화재청,일반회계,궁능원종합정비,9834
문화재청,일반회계,기념물문화재 보존강화,20344
문화재청,일반회계,매장문화재보존관리,1571
문화재청,일반회계,무형문화재전승,36285
문화재청,일반회계,문화재보수정비,280000
문화재청,일반회계,문화재보호행정기반조성,2351
문화재청,일반회계,문화재안전관리체계강화,1495
문화재청,일반회계,문화재연구소기본경비,2121
문화재청,일반회계,문화재연구소운영,11067
문화재청,일반회계,문화재전자행정구축,4413
문화재청,일반회계,문화재행정제도개선,1548
문화재청,일반회계,문화재활용활성화,21279
문화재청,일반회계,본청기본경비,3602
문화재청,일반회계,본청운영경비,1153
문화재청,일반회계,본청인건비,25885
문화재청,일반회계,소속기관기본경비,3963
문화재청,일반회계,소속기관인건비,20058
문화재청,일반회계,유형문화재 보존관리,5235
문화재청,일반회계,일반회계 전출금(문화재보호기금),37148
문화재청,일반회계,자연문화재보호,1515
문화재청,일반회계,전통문화교육원운영,2067
문화재청,일반회계,한국전통문화대학교운영지원,13484
문화재청,일반회계,한국전통문화대학교정보화,736
문화재청,일반회계,해양문화유산연구,6467
문화재청,지역발전특별회계,문화유산관광자원개발,12866
문화재청,지역발전특별회계,지역문화유산개발,500
문화체육관광부,일반회계,공연 및 전통예술의 활성화,14600
문화체육관광부,일반회계,국립국악원 운영,48608
문화체육관광부,일반회계,국립국어원 정보화,628
문화체육관광부,일반회계,국립민속박물관운영활성화,16679
문화체육관광부,일반회계,국립박물관 운영,67445
문화체육관광부,일반회계,국립중앙극장 운영,26596
문화체육관광부,일반회계,국립중앙극장 정보화,319
문화체육관광부,일반회계,국립중앙도서관 운영,38665
문화체육관광부,일반회계,국립학교 운영,11400
문화체육관광부,일반회계,국립한글박물관 운영,11952
문화체육관광부,일반회계,국립현대미술관 운영,38093
문화체육관광부,일반회계,국악교육지원,2851
문화체육관광부,일반회계,국악원정보시스템환경구축,949
문화체육관광부,일반회계,국어문화진흥,17970
문화체육관광부,일반회계,국어발전기반조성및진흥,10828
문화체육관광부,일반회계,국제관광교류,23336
문화체육관광부,일반회계,국제문화교류,45368
문화체육관광부,일반회계,국제체육 역량 강화,876
문화체육관광부,일반회계,기초예술역량강화,44104
문화체육관광부,일반회계,대국민커뮤니케이션 강화,14533
문화체육관광부,일반회계,대한민국역사박물관 운영,13507
문화체육관광부,일반회계,도서관정보·정책 체계 활성화,9376
문화체육관광부,일반회계,도서관정보화,15834
문화체육관광부,일반회계,문화산업기관지원,43253
문화체육관광부,일반회계,문화예술공간조성,26900
문화체육관광부,일반회계,문화예술교육지원,106666
문화체육관광부,일반회계,문화예술단체지원,80243
문화체육관광부,일반회계,문화정보화체계구축,10084
문화체육관광부,일반회계,문화정책지원,17845
문화체육관광부,일반회계,문화콘텐츠산업 기술지원,53790
문화체육관광부,일반회계,문화콘텐츠산업 육성,80696
문화체육관광부,일반회계,문화콘텐츠산업 진흥 환경 조성,141654
문화체육관광부,일반회계,미디어산업육성,38790
문화체육관광부,일반회계,미술관 정보화 환경개선,761
문화체육관광부,일반회계,박물관 정책 활성화,23307
문화체육관광부,일반회계,박물관종합정보서비스 구축(정보화),559
문화체육관광부,일반회계,방송영상콘텐츠 및 광고산업 활성화,41748
문화체육관광부,일반회계,본부기본경비,5252
문화체육관광부,일반회계,본부인건비,57214
문화체육관광부,일반회계,사행산업통합감독위원회 운영,2683
문화체육관광부,일반회계,생활체육활성화,2411
문화체육관광부,일반회계,소속기관기본경비,16265
문화체육관광부,일반회계,소속기관인건비,116353
문화체육관광부,일반회계,스포츠산업육성,200
문화체육관광부,일반회계,시각예술 진흥기반 구축,21434
문화체육관광부,일반회계,예술원운영,2756
문화체육관광부,일반회계,인문정신문화 진흥,53892
문화체육관광부,일반회계,일반회계전출(지역신문발전기금),10000
문화체육관광부,일반회계,장애인체육 진흥,110
문화체육관광부,일반회계,저작권 기술 기반 조성,7000
문화체육관광부,일반회계,저작권 보호활동 강화,16774
문화체육관광부,일반회계,저작권 인식제고 및 기관지원,21522
문화체육관광부,일반회계,저작물 이용 및 유통환경 조성,9091
문화체육관광부,일반회계,전통예술중고 지원,5166
문화체육관광부,일반회계,정책포털시스템 운영(정보화),3050
문화체육관광부,일반회계,정책홍보지원,6049
문화체육관광부,일반회계,종교문화활동 및 보존지원,54410
문화체육관광부,일반회계,종합정책연구,29977
문화체육관광부,일반회계,지능형 도서관 기반기술 조성,944
문화체육관광부,일반회계,지역·전통문화 진흥,28944
문화체육관광부,일반회계,청사관리,3386
문화체육관광부,일반회계,총액인건비대상 본부기본경비,4860
문화체육관광부,일반회계,총액인건비대상 소속기관기본경비,5384
문화체육관광부,일반회계,출판산업육성,32147
문화체육관광부,일반회계,학교종합정보시스템구축(정보화),674
문화체육관광부,일반회계,한국예술종합학교운영,32617
문화체육관광부,일반회계,한국정책방송원 운영,20478
문화체육관광부,일반회계,해외문화홍보원 운영,31665
문화체육관광부,일반회계,해외문화홍보원 정보화(정보화),1075
문화체육관광부,일반회계,회계간전출(아시아문화중심도시조성특별회계),89162
문화체육관광부,아시아문화중심도시조성특별회계,문화중심도시조성,94130
문화체육관광부,지역발전특별회계,관광레저 개발 육성,29920
문화체육관광부,지역발전특별회계,관광자원개발,222978
문화체육관광부,지역발전특별회계,광역관광자원개발,174070
문화체육관광부,지역발전특별회계,기초 관광자원개발(제주),11460
문화체육관광부,지역발전특별회계,문화시설확충및운영,126019
문화체육관광부,지역발전특별회계,문화시설확충및운영(세종),80
문화체육관광부,지역발전특별회계,문화시설확충및운영(제주),5902
문화체육관광부,지역발전특별회계,시각예술 진흥기반 구축(생활),9330
문화체육관광부,지역발전특별회계,시각예술 진흥기반 구축(제주),2545
문화체육관광부,지역발전특별회계,전통종교문화유산보존(세종),80
문화체육관광부,지역발전특별회계,지방문화산업기반조성,12300
문화체육관광부,지역발전특별회계,지방문화산업기반조성(제주),300
문화체육관광부,지역발전특별회계,지역문화 컨설팅 지원,336
문화체육관광부,지역발전특별회계,지역문화 컨설팅 지원(제주),22
문화체육관광부,지역발전특별회계,체육진흥시설지원,127825
문화체육관광부,지역발전특별회계,체육진흥시설지원(세종),990
문화체육관광부,지역발전특별회계,체육진흥시설지원(제주),1750
미래창조과학부,일반회계,IT활용기반구축,19992
미래창조과학부,일반회계,IT활용촉진,3595
미래창조과학부,일반회계,R&D기본경비,2593
미래창조과학부,일반회계,R&D인건비,10949
미래창조과학부,일반회계,SMART 건설관련 안전성 향상 연구,9300
미래창조과학부,일반회계,SW산업기반확충,6188
미래창조과학부,일반회계,U-KOREA선도사업,6000
미래창조과학부,일반회계,개인 연구지원 사업,587531
미래창조과학부,일반회계,공공복지 안전 연구개발,5180
미래창조과학부,일반회계,공공서비스신기술적용촉진(정보화),13247
미래창조과학부,일반회계,공정경쟁환경조성,2313
미래창조과학부,일반회계,과학관 건립 지원,43437
미래창조과학부,일반회계,과학기술 국제협력 네트워크 지원,1600
미래창조과학부,일반회계,과학기술인 복지향상,3680
미래창조과학부,일반회계,과학기술인 협동조합 육성지원,600
미래창조과학부,일반회계,과학기술종합조정 지원,10317
미래창조과학부,일반회계,과학로켓 개발,1000
미래창조과학부,일반회계,광통신산업기반확충,2000
미래창조과학부,일반회계,국가과학기술 지식정보서비스,9200
미래창조과학부,일반회계,국가과학기술자문회의 운영,1229
미래창조과학부,일반회계,국가연구개발성과평가,1500
미래창조과학부,일반회계,국가연구시설장비 선진화지원,2200
미래창조과학부,일반회계,국가중요통신망운영,22989
미래창조과학부,일반회계,국립과학관 운영,12988
미래창조과학부,일반회계,국립대학법인 울산과기대 운영지원,118649
미래창조과학부,일반회계,국제 연구인력 교류,7870
미래창조과학부,일반회계,국제과학비즈니스벨트조성,216989
미래창조과학부,일반회계,국제사회정보화선도국가위상강화(정보화),6896
미래창조과학부,일반회계,국제화기반조성,33543
미래창조과학부,일반회계,글로벌연구역량강화,22514
미래창조과학부,일반회계,글로벌전문기술(일반회계),41000
미래창조과학부,일반회계,글로벌협력기반조성,3679
미래창조과학부,일반회계,기술확산지원,5475
미래창조과학부,일반회계,기업부설연구소 인정 및 전문연구요원제도 운영,527
미래창조과학부,일반회계,기초기술연구회 소속 출연연구기관 지원,1610654
미래창조과학부,일반회계,기초연구기반구축사업,154532
미래창조과학부,일반회계,기초연구성과 활용지원사업,20740
미래창조과학부,일반회계,기초원천연구기획심사평가사업,18187
미래창조과학부,일반회계,나노·소재기술개발,40534
미래창조과학부,일반회계,동북아 R&D 허브 기반 구축,24500
미래창조과학부,일반회계,무한상상실 운영,4095
미래창조과학부,일반회계,문화콘텐츠산업 기술지원,25250
미래창조과학부,일반회계,미래대비 역량 강화,2118
미래창조과학부,일반회계,미래부 직할 출연(연) 및 연구회 평가,950
미래창조과학부,일반회계,미래창조과학정책 이해도 제고,554
미래창조과학부,일반회계,민간자격 제도 관리 운영,10
미래창조과학부,일반회계,바이오·의료기술개발,229972
미래창조과학부,일반회계,방사선기기 성능평가 및 표준화 인증시설 구축·운영,700
미래창조과학부,일반회계,방사선이용기술개발,46901
미래창조과학부,일반회계,방사성동위원소 이용 신개념 치료기술개발 플랫폼 구축,19515
미래창조과학부,일반회계,방송통신사업허가심사,200
미래창조과학부,일반회계,방송통신재난관리,350
미래창조과학부,일반회계,방송통신행정정보화(정보화),15889
미래창조과학부,일반회계,본부 기본경비,16153
미래창조과학부,일반회계,본부 인건비,19090
미래창조과학부,일반회계,본부운영지원,5200
미래창조과학부,일반회계,본부인건비,45497
미래창조과학부,일반회계,사회이슈해결형 연구(R&D),21500
미래창조과학부,일반회계,산업기술인력양성,8403
미래창조과학부,일반회계,산하기관운영지원(정보화),27292
미래창조과학부,일반회계,생산적정보문화조성(정보화),24812
미래창조과학부,일반회계,소속기관기본경비,3390
미래창조과학부,일반회계,소속기관인건비,56535
미래창조과학부,일반회계,소프트웨어·디자인 융합센터 구축사업,1000
미래창조과학부,일반회계,신산업융합원천기술,48555
미래창조과학부,일반회계,에너지·환경기술개발,107892
미래창조과학부,일반회계,여학생 공학교육 지원,9571
미래창조과학부,일반회계,연구공동체 기술사업화 지원(R&D),9500
미래창조과학부,일반회계,연구공동체육성지원,20036
미래창조과학부,일반회계,연구실안전환경구축,5930
미래창조과학부,일반회계,우수학생 국가장학 사업,66376
미래창조과학부,일반회계,우주국제협력 지원,130
미래창조과학부,일반회계,우주기술연구기획심사평가사업,800
미래창조과학부,일반회계,우주발사체개발,255500
미래창조과학부,일반회계,우주핵심기술개발사업,23857
미래창조과학부,일반회계,원자력평화적이용체제구축,8504
미래창조과학부,일반회계,인공위성개발,92604
미래창조과학부,일반회계,인력양성(일반회계),23440
미래창조과학부,일반회계,일반회계에서 책특회계로 전출,52258
미래창조과학부,일반회계,전파방송진흥정책지원,689
미래창조과학부,일반회계,전파연구지원,3201
미래창조과학부,일반회계,전파이용질서확립,24082
미래창조과학부,일반회계,정보보호기반강화,55234
미래창조과학부,일반회계,정보보호체계강화(정보화),5134
미래창조과학부,일반회계,정보사업비,3310
미래창조과학부,일반회계,정보자원관리기반확충(정보화),17615
미래창조과학부,일반회계,정보통신기반서비스활성화,1000
미래창조과학부,일반회계,정보통신기업성장지원(일반),14300
미래창조과학부,일반회계,정보통신제품 품질인증 지원,1518
미래창조과학부,일반회계,정책연구비,1061
미래창조과학부,일반회계,직할출연연구기관지원,902639
미래창조과학부,일반회계,집단 연구자 지원,126350
미래창조과학부,일반회계,차세대정보·컴퓨팅기술개발,8100
미래창조과학부,일반회계,창의적인재육성,1728
미래창조과학부,일반회계,창조경제기반조성,50146
미래창조과학부,일반회계,첨단융합기술개발,169600
미래창조과학부,일반회계,청사확보및시설개선,1645
미래창조과학부,일반회계,출연연구기관 지원,27111
미래창조과학부,일반회계,콘텐츠 진흥,3000
미래창조과학부,일반회계,통신시장경쟁활성화,1337
미래창조과학부,일반회계,평창 ICT 동계올림픽 추진,1000
미래창조과학부,일반회계,해외기술정보활용지원,3744
미래창조과학부,일반회계,행정업무정보화 지원,2800
미래창조과학부,일반회계,회계간전출,7236
미래창조과학부,일반회계,회계기금간전출금,5884
미래창조과학부,에너지및자원사업특별회계,기초기술연구회 소속 출연연구기관 지원,365311
미래창조과학부,에너지및자원사업특별회계,에너지·환경기술개발,5100
미래창조과학부,우체국보험특별회계,보특기본경비,126
미래창조과학부,우체국보험특별회계,보험영업활성화,255208
미래창조과학부,우체국보험특별회계,우체국보험정보화,4512
미래창조과학부,우체국보험특별회계,회계간거래,365218
미래창조과학부,우체국보험특별회계,회계기금간거래,188101
미래창조과학부,지역발전특별회계,광역경제권거점기관지원,31742
미래창조과학부,지역발전특별회계,광역경제권산업경쟁력강화,15633
미래창조과학부,지역발전특별회계,기초기술연구회 소속 출연연구기관 지원,12560
미래창조과학부,지역발전특별회계,대단위 다목적 전자선 실증연구센터,2500
미래창조과학부,지역발전특별회계,모바일융합산업활성화(R&D),4000
미래창조과학부,지역발전특별회계,산학연협력 활성화 지원,14600
미래창조과학부,지역발전특별회계,수출용 신형 연구로 개발 및 실증사업,54670
미래창조과학부,지역발전특별회계,연구개발특구육성,91617
미래창조과학부,지역발전특별회계,중입자가속기 기술개발,7000
미래창조과학부,지역발전특별회계,지역기초연구활성화,5560
미래창조과학부,국립과천과학관,감가상각비,1500
미래창조과학부,국립과천과학관,건강보험부담금(책특회계),159
미래창조과학부,국립과천과학관,공무원연금부담금,466
미래창조과학부,국립과천과학관,과학교육문화(책특회계),6630
미래창조과학부,국립과천과학관,국립과천과학관 기본경비,2918
미래창조과학부,국립과천과학관,국립과천과학관인건비,5064
미래창조과학부,국립과천과학관,당기순이익,1
미래창조과학부,국립과천과학관,무한상상실 운영,500
미래창조과학부,국립과천과학관,시설관리(책특회계),4971
미래창조과학부,국립과천과학관,창의전시관운영(책특회계),10375
미래창조과학부,국립중앙과학관,감가상각비,1190
미래창조과학부,국립중앙과학관,건강보험부담금(책특회계),150
미래창조과학부,국립중앙과학관,공무원연금부담금,419
미래창조과학부,국립중앙과학관,과학교육사업(책특회계),3730
미래창조과학부,국립중앙과학관,과학전시사업(책특회계),7412
미래창조과학부,국립중앙과학관,국립중앙과학관기본경비(책특회계),1929
미래창조과학부,국립중앙과학관,국립중앙과학관인건비(책특회계),4774
미래창조과학부,국립중앙과학관,당기순이익,1
미래창조과학부,국립중앙과학관,무한상상실 운영,500
미래창조과학부,국립중앙과학관,시설관리(책특회계),10618
미래창조과학부,국립중앙과학관,첨단연구성과 종합전시관 구축,700
미래창조과학부,우체국예금특별회계,계정간거래,11548
미래창조과학부,우체국예금특별회계,금융시설,12022
미래창조과학부,우체국예금특별회계,예특기본경비,202
미래창조과학부,우체국예금특별회계,우체국금융정보화,62962
미래창조과학부,우체국예금특별회계,우체국예금안정적운영,155874
미래창조과학부,우체국예금특별회계,지급이자,2183556
미래창조과학부,우체국예금특별회계,회계간전출,578901
미래창조과학부,우체국예금특별회계,회계기금간거래,190223
미래창조과학부,우편사업특별회계,건강보험료,58496
미래창조과학부,우편사업특별회계,경영품질개선활동,2035
미래창조과학부,우편사업특별회계,계정간거래,236196
미래창조과학부,우편사업특별회계,교육원운영,5613
미래창조과학부,우편사업특별회계,국제우편사업활성화,275133
미래창조과학부,우편사업특별회계,보편적서비스제고를위한창구망운영,339913
미래창조과학부,우편사업특별회계,소포사업,28309
미래창조과학부,우편사업특별회계,우정사무정보화,46658
미래창조과학부,우편사업특별회계,우정사무정보화시설개선,2617
미래창조과학부,우편사업특별회계,우정사업 포상금,10008
미래창조과학부,우편사업특별회계,우정사업연구,6215
미래창조과학부,우편사업특별회계,우정사업운영지원,149031
미래창조과학부,우편사업특별회계,우정서비스기간망구축,124840
미래창조과학부,우편사업특별회계,우체국창구업무지원,32863
미래창조과학부,우편사업특별회계,우특기본경비,82737
미래창조과학부,우편사업특별회계,우편기계화시설,17888
미래창조과학부,우편사업특별회계,우편사업마케팅,10307
미래창조과학부,우편사업특별회계,우편사업특별회계에서 일반회계로의 전출금,33770
미래창조과학부,우편사업특별회계,우편소통품질향상,558578
미래창조과학부,우편사업특별회계,우편업무정보화,39527
미래창조과학부,우편사업특별회계,우표문화사업,12666
미래창조과학부,우편사업특별회계,인건비,1673056
미래창조과학부,우편사업특별회계,회계기금간거래,292942
민주평화통일자문회의,일반회계,기본경비,1301
민주평화통일자문회의,일반회계,사무처인건비,4712
민주평화통일자문회의,일반회계,시설관리,155
민주평화통일자문회의,일반회계,정보화사업,400
민주평화통일자문회의,일반회계,통일정책자문·통일여론조성,19267
민주평화통일자문회의,일반회계,행정효율성증진및능력개발,30
방송통신위원회,일반회계,공정경쟁환경조성,3903
방송통신위원회,일반회계,방송인프라지원,12257
방송통신위원회,일반회계,방송통신운영지원,2414
방송통신위원회,일반회계,본부기본경비,4079
방송통신위원회,일반회계,본부인건비,15502
방송통신위원회,일반회계,안전한정보이용환경조성,17452
방위사업청,일반회계,C4I 체계 사업,4118
방위사업청,일반회계,M&S 사업,36542
방위사업청,일반회계,감시/정찰/정보사업,145624
방위사업청,일반회계,감시정찰정보전자전사업(FMS),28779
방위사업청,일반회계,건강보험부담금,1681
방위사업청,일반회계,국과연연구개발,420252
방위사업청,일반회계,국방과학연구소 운영,257274
방위사업청,일반회계,국방기술개발,834529
방위사업청,일반회계,국방기술품질원운영,56498
방위사업청,일반회계,국책 연구개발 사업,142142
방위사업청,일반회계,기갑사업,591301
방위사업청,일반회계,기동사업,205975
방위사업청,일반회계,기본경비,9293
방위사업청,일반회계,기술기획/품질경영,61334
방위사업청,일반회계,기타 화력탄약사업,49662
방위사업청,일반회계,대공포 사업,37406
방위사업청,일반회계,레이더장비 사업,49429
방위사업청,일반회계,방위사업 정보화,17038
방위사업청,일반회계,방위산업 진흥(일반),24240
방위사업청,일반회계,방호시설사업,50904
방위사업청,일반회계,부대개편사업(육군),110383
방위사업청,일반회계,부대시설사업(공군),48132
방위사업청,일반회계,부대시설사업(해군),348017
방위사업청,일반회계,상륙/지원함 사업,517631
방위사업청,일반회계,성능개량사업(FMS),116046
방위사업청,일반회계,신특수/유도무기사업(FMS),242697
방위사업청,일반회계,양산구매 성능개량,254271
방위사업청,일반회계,업체주관 연구개발,86910
방위사업청,일반회계,연구개발 성능개량,576577
방위사업청,일반회계,위성/무선통신장비사업,32561
방위사업청,일반회계,인건비,52855
방위사업청,일반회계,잠수함 사업,455948
방위사업청,일반회계,저고도유도무기 사업,73442
방위사업청,일반회계,전술통제통신 사업,42637
방위사업청,일반회계,전자전장비 사업,70624
방위사업청,일반회계,전투기 사업,392665
방위사업청,일반회계,전투예비탄약,409472
방위사업청,일반회계,전투함 사업,457234
방위사업청,일반회계,중·고고도유도무기 사업,282729
방위사업청,일반회계,지원/특수기 사업,652959
방위사업청,일반회계,탑재장비 사업,71383
방위사업청,일반회계,편제장비보강사업,99953
방위사업청,일반회계,포병전력사업,1098354
방위사업청,일반회계,항공사업(FMS),1035016
방위사업청,일반회계,항공유도무기사업,204599
방위사업청,일반회계,해상유도무기 사업,142103
방위사업청,일반회계,행정지원,21775
방위사업청,일반회계,화생방 사업,70551
방위사업청,일반회계,회계기금간 거래(일반회계),6213
방위사업청,일반회계,획득지원,16205
법무부,일반회계,갱생보호,24147
법무부,일반회계,검찰업무정보화,42709
법무부,일반회계,검찰운영,48073
법무부,일반회계,공판활동및형집행,35127
법무부,일반회계,교도소운영,118340
법무부,일반회계,국가송무수행,44365
법무부,일반회계,국제법무운영및외국법제연구,13533
법무부,일반회계,국제이민협력,1588
법무부,일반회계,기타법무시설조성,16697
법무부,일반회계,민상사법령의 선진화,2886
법무부,일반회계,범죄예방기관운영,6917
법무부,일반회계,범죄피해자보호기금 전출금,86014
법무부,일반회계,법률구조,42088
법무부,일반회계,법률서비스산업의선진화,1272
법무부,일반회계,법무행정개선,897
법무부,일반회계,법무행정정보화,27436
법무부,일반회계,법조인양성,4256
법무부,일반회계,법질서 준수 및 법교육,3773
법무부,일반회계,보호관찰,19028
법무부,일반회계,본부기본경비(일반),14102
법무부,일반회계,본부인건비,151237
법무부,일반회계,서민·사회적약자 지원 법무정책 홍보,879
법무부,일반회계,소년보호,20030
법무부,일반회계,소속기관기본경비(일반),122872
법무부,일반회계,소속기관인건비,1728570
법무부,일반회계,수사지원및역량강화,104236
법무부,일반회계,시설및장비관리,8571
법무부,일반회계,여성아동인권증진,301
법무부,일반회계,연수원운영,7977
법무부,일반회계,외국인체류관리,30341
법무부,일반회계,인권교육,194
법무부,일반회계,재소자수용및교화,113835
법무부,일반회계,정부법무공단운영지원,512
법무부,일반회계,정책연구개발사업,48
법무부,일반회계,출입국관리사무소운영,28182
법무부,일반회계,치료감호,6095
법무부,일반회계,통일대비법률통합실질화,450
법무부,일반회계,형사사법공통시스템 운영,7191
법무부,일반회계,형사사법선진화,412
법무부,교도작업특별회계,공공자금관리기금예탁,9770
법무부,교도작업특별회계,교도작업운영및직업훈련,45029
법무부,교도작업특별회계,본부기본경비(교특),338
법무부,교도작업특별회계,소속기관기본경비(교특),323
법무부,교도작업특별회계,예비비(교특),1900
법제처,일반회계,법제개선,1324
법제처,일반회계,법제업무정보화지원,5701
법제처,일반회계,법제전문성향상,1281
법제처,일반회계,법제정보서비스,2442
법제처,일반회계,본부기본경비,3414
법제처,일반회계,본부인건비,14554
법제처,일반회계,알기쉬운법령만들기,256
법제처,일반회계,전산운영경비,303
법제처,일반회계,정책연구개발,68
법제처,일반회계,청사이전지원,809
병무청,일반회계,기본경비,10310
병무청,일반회계,병무행정정보화,10815
병무청,일반회계,병역의무자지원,28492
병무청,일반회계,보충역복무제도운영,11719
병무청,일반회계,선병활동,8775
병무청,일반회계,운영지원,14325
병무청,일반회계,인건비,110391
병무청,일반회계,직원교육훈련,155
병무청,일반회계,청사확보 및 시설관리,2870
병무청,일반회계,충원활동,2204
보건복지부,일반회계,1차의료 활성화,730
보건복지부,일반회계,가정양육수당 지원사업,1101768
보건복지부,일반회계,가정위탁지원,1232
보건복지부,일반회계,가정입양지원,4390
보건복지부,일반회계,감염병관리,9042
보건복지부,일반회계,감염병표준 실험실관리,2868
보건복지부,일반회계,건강보험 지원,5579227
보건복지부,일반회계,건강생활실천지원,375
보건복지부,일반회계,검역관리,5478
보건복지부,일반회계,검역소 기본경비,2580
보건복지부,일반회계,검역소인건비,17853
보건복지부,일반회계,공공보건의료지원,900
보건복지부,일반회계,공무원사립학교교직원 국가부담금,646402
보건복지부,일반회계,공적연금연계제도운영,97
보건복지부,일반회계,국립암센터운영,54086
보건복지부,일반회계,국민연금제도운영,61
보건복지부,일반회계,국제적십자사위원회지원,352
보건복지부,일반회계,국제협력관리,36959
보건복지부,일반회계,글로벌헬스케어 육성,13925
보건복지부,일반회계,기초생활급여,4056350
보건복지부,일반회계,기후변화적응건강관리,500
보건복지부,일반회계,긴급복지,101304
보건복지부,일반회계,노숙인등 지원,32624
보건복지부,일반회계,노인관련기관지원,50583
보건복지부,일반회계,노인돌봄서비스,132647
보건복지부,일반회계,노인복지지원,7582629
보건복지부,일반회계,노인요양시설확충,32471
보건복지부,일반회계,노인일자리지원,344247
보건복지부,일반회계,노인장기요양보험지원,597164
보건복지부,일반회계,드림스타트 지원,65783
보건복지부,일반회계,만성질환관리체계 및 기반구축,3190
보건복지부,일반회계,망향의동산 기본경비,333
보건복지부,일반회계,방과후활동지원,137717
보건복지부,일반회계,보건관련 전산운영경비,87
보건복지부,일반회계,보건복지인력개발,12215
보건복지부,일반회계,보건복지정보보호,2753
보건복지부,일반회계,보건복지콜센터,6757
보건복지부,일반회계,보건복지행정정보화,2628
보건복지부,일반회계,보건복지행정지원,2299
보건복지부,일반회계,보건산업정책,640
보건복지부,일반회계,보건산업진흥,61858
보건복지부,일반회계,보건의료기술 평가연구,11821
보건복지부,일반회계,보건의료연구개발,103885
보건복지부,일반회계,보건의료정보표준화,507
보건복지부,일반회계,복지사업평가,5229
보건복지부,일반회계,본부 기본경비,10214
보건복지부,일반회계,본부 인건비,143577
보건복지부,일반회계,본부전산운영경비,1122
보건복지부,일반회계,사회복무제도 운영,47500
보건복지부,일반회계,사회복지사업지원,15015
보건복지부,일반회계,사회복지전달체계,170099
보건복지부,일반회계,사회복지정보화,690
보건복지부,일반회계,생명윤리기반구축,263
보건복지부,일반회계,생명윤리및안전정책,3253
보건복지부,일반회계,소록도병원 기본경비,1690
보건복지부,일반회계,소록도병원 인건비,9993
보건복지부,일반회계,소록도병원 지원,7502
보건복지부,일반회계,실종예방 등 아동안전 증진,992
보건복지부,일반회계,아동ㆍ청소년 정책연구 및 통계조사,425
보건복지부,일반회계,아동ㆍ청소년 참여.인권증진,494
보건복지부,일반회계,아동발달지원계좌 지원,10747
보건복지부,일반회계,아동시설지원,1021
보건복지부,일반회계,양로시설 운영지원,31990
보건복지부,일반회계,어린이집 관리,26461
보건복지부,일반회계,어린이집 기능보강,40233
보건복지부,일반회계,어린이집 운영지원,496945
보건복지부,일반회계,어린이집 지원,221707
보건복지부,일반회계,영유아보육료지원,3056880
보건복지부,일반회계,영주귀국 사할린한인 지원,6628
보건복지부,일반회계,예수원금상환,188
보건복지부,일반회계,예수이자상환,10
보건복지부,일반회계,오송생명과학단지지원센터 기본경비,145
보건복지부,일반회계,오송생명과학단지지원센터 운영,27577
보건복지부,일반회계,오송생명과학단지지원센터 인건비,4287
보건복지부,일반회계,원폭피해자지원,5283
보건복지부,일반회계,의료급여,4533905
보건복지부,일반회계,의료기관 평가 및 정책지원,8127
보건복지부,일반회계,의료분쟁 조정 및 중재,10557
보건복지부,일반회계,의료인력 양성,8938
보건복지부,일반회계,의료취약지 지원,5909
보건복지부,일반회계,의사상자예우,3219
보건복지부,일반회계,의약품관리종합정보센터구축운영,913
보건복지부,일반회계,일반회계 전출금,227390
보건복지부,일반회계,자활지원,448075
보건복지부,일반회계,장기 및 인체조직 기증 활성화 지원,16847
보건복지부,일반회계,장사시설,28971
보건복지부,일반회계,장애인권익증진 및 자립생활 지원,6375
보건복지부,일반회계,장애인단체지원,12978
보건복지부,일반회계,장애인복지시설확충,465076
보건복지부,일반회계,장애인사회참여 기반조성,4673
보건복지부,일반회계,장애인선택적복지,549594
보건복지부,일반회계,장애인소득보장,719535
보건복지부,일반회계,장애인일자리지원,66203
보건복지부,일반회계,장애인자립자금융자,800
보건복지부,일반회계,장애인직업재활지원,2320
보건복지부,일반회계,재산담보부 생계비 융자,802
보건복지부,일반회계,저출산고령사회정책개발관리,9883
보건복지부,일반회계,저출산대응인구정책,6011
보건복지부,일반회계,정신보건시설기능보강,83246
보건복지부,일반회계,정책연구개발,831
보건복지부,일반회계,제대혈 공공관리,2414
보건복지부,일반회계,중증장애인직업재활 지원,18322
보건복지부,일반회계,지방대병원 특화육성,2482
보건복지부,일반회계,지방의료원 등 육성,69120
보건복지부,일반회계,지역자율형 사회서비스 투자사업,10400
보건복지부,일반회계,질병관리본부 기본경비,1599
보건복지부,일반회계,질병관리본부 수입대체경비,400
보건복지부,일반회계,질병관리본부 인건비,18994
보건복지부,일반회계,질병관리본부정보화,6458
보건복지부,일반회계,질병관리연구,22998
보건복지부,일반회계,질병연구기획관리,2423
보건복지부,일반회계,질병연구인프라구축,2571
보건복지부,일반회계,질병연구자원활용기반구축,2314
보건복지부,일반회계,첨단의료복합단지 육성지원,7400
보건복지부,일반회계,취약계층의료비지원,315285
보건복지부,일반회계,치과의료체계화,2192
보건복지부,일반회계,통합의료서비스 육성,14607
보건복지부,일반회계,한국보건산업진흥원 지원,21831
보건복지부,일반회계,한센병관리,10622
보건복지부,일반회계,한센인피해사건진상조사및생활지원,6459
보건복지부,일반회계,한의약 세계화 및 홍보,4655
보건복지부,일반회계,한의약산업지원,9546
보건복지부,일반회계,한의약연구 및 기술개발,7490
보건복지부,일반회계,회계간 전출,135174
보건복지부,농어촌구조개선특별회계,농어촌의료서비스 개선,47203
보건복지부,농어촌구조개선특별회계,저소득장애인지원(농특),1516
보건복지부,지역발전특별회계,지역자율형 사회서비스 투자사업,213564
보건복지부,지역발전특별회계,첨단의료복합단지조성,58472
보건복지부,국립공주병원,감가상각비(국립공주병원),1
보건복지부,국립공주병원,공무원연금부담금(국립공주병원),666
보건복지부,국립공주병원,공주병원 기본경비(임상연구),93
보건복지부,국립공주병원,공주병원 기본경비(자본),94
보건복지부,국립공주병원,공주병원기본경비(손익),1437
보건복지부,국립공주병원,공주병원정보화사업(자본),55
보건복지부,국립공주병원,국립공주병원 운영(손익),2880
보건복지부,국립공주병원,국립공주병원 운영(자본),1983
보건복지부,국립공주병원,국립공주병원인건비,7362
보건복지부,국립공주병원,당기순이익(국립공주병원),1
보건복지부,국립나주병원,감가상각비(국립나주병원),1
보건복지부,국립나주병원,공무원연금부담금(국립나주병원),1073
보건복지부,국립나주병원,나주병원 기본경비(손익),1660
보건복지부,국립나주병원,나주병원 기본경비(임상연구),81
보건복지부,국립나주병원,나주병원기본경비(자본),286
보건복지부,국립나주병원,나주병원운영(손익),4084
보건복지부,국립나주병원,나주병원운영(자본),1417
보건복지부,국립나주병원,나주병원인건비,10663
보건복지부,국립나주병원,나주병원정보화사업(손익),64
보건복지부,국립나주병원,나주병원정보화사업(자본),95
보건복지부,국립나주병원,당기순이익(국립나주병원),1
보건복지부,국립마산병원,감가상각비(국립마산병원),1
보건복지부,국립마산병원,공무원연금부담금(국립마산병원),573
보건복지부,국립마산병원,국립마산병원 운영(손익),2177
보건복지부,국립마산병원,국립마산병원 운영(자본),704
보건복지부,국립마산병원,국립마산병원 정보화사업(손익),80
보건복지부,국립마산병원,국립마산병원 정보화사업(자본),57
보건복지부,국립마산병원,당기순이익(국립마산병원),1
보건복지부,국립마산병원,마산병원 기본경비(손익),1380
보건복지부,국립마산병원,마산병원 기본경비(임상연구),94
보건복지부,국립마산병원,마산병원 기본경비(자본),294
보건복지부,국립마산병원,마산병원 인건비,5685
보건복지부,국립목포병원,감가상각비(국립목포병원),1
보건복지부,국립목포병원,공무원연금부담금(국립목포병원),437
보건복지부,국립목포병원,국립목포병원 운영(손익),1684
보건복지부,국립목포병원,국립목포병원 운영(자본),1354
보건복지부,국립목포병원,국립목포병원 정보화사업(손익),81
보건복지부,국립목포병원,국립목포병원 정보화사업(자본),60
보건복지부,국립목포병원,당기순이익(국립목포병원),1
보건복지부,국립목포병원,목포병원 기본경비(손익),967
보건복지부,국립목포병원,목포병원 기본경비(임상연구),67
보건복지부,국립목포병원,목포병원 기본경비(자본),121
보건복지부,국립목포병원,목포병원 인건비,4389
보건복지부,국립부곡병원,감가상각비(국립부곡병원),1
보건복지부,국립부곡병원,공무원연금부담금(국립부곡병원),927
보건복지부,국립부곡병원,당기순이익(국립부곡병원),1
보건복지부,국립부곡병원,부곡병원 기본경비(임상연구),83
보건복지부,국립부곡병원,부곡병원 운영(손익),3640
보건복지부,국립부곡병원,부곡병원 운영(자본),685
보건복지부,국립부곡병원,부곡병원기본경비(손익),1551
보건복지부,국립부곡병원,부곡병원기본경비(자본),171
보건복지부,국립부곡병원,부곡병원인건비,9385
보건복지부,국립부곡병원,부곡병원정보화사업(자본),37
보건복지부,국립서울병원,감가상각비(국립서울병원),1
보건복지부,국립서울병원,공무원연금부담금(국립서울병원),2737
보건복지부,국립서울병원,국립서울병원 정보화사업,290
보건복지부,국립서울병원,당기순이익(국립서울병원),1
보건복지부,국립서울병원,서울병원 기본경비(임상연구),195
보건복지부,국립서울병원,서울병원기본경비(손익),2869
보건복지부,국립서울병원,서울병원기본경비(자본),256
보건복지부,국립서울병원,서울병원운영(손익),8396
보건복지부,국립서울병원,서울병원운영(자본),39326
보건복지부,국립서울병원,서울병원인건비,18330
보건복지부,국립재활원,감가상각비(국립재활원),1
보건복지부,국립재활원,공무원연금부담금(국립재활원),1808
보건복지부,국립재활원,국립재활연구소운영 및 재활연구(손익),3895
보건복지부,국립재활원,국립재활원 운영(손익),9359
보건복지부,국립재활원,국립재활원 운영(자본),1111
보건복지부,국립재활원,국립재활원 정보화,679
보건복지부,국립재활원,당기순이익(국립재활원),1
보건복지부,국립재활원,재활원 기본경비(손익),3704
보건복지부,국립재활원,재활원 기본경비(임상연구),126
보건복지부,국립재활원,재활원 기본경비(자본),30
보건복지부,국립재활원,재활원 수입대체경비(손익),669
보건복지부,국립재활원,재활원 인건비,17484
보건복지부,국립춘천병원,감가상각비(국립춘천병원),1
보건복지부,국립춘천병원,공무원연금부담금(국립춘천병원),643
보건복지부,국립춘천병원,당기순이익(국립춘천병원),1
보건복지부,국립춘천병원,춘천병원 기본경비(임상연구),53
보건복지부,국립춘천병원,춘천병원 운영(손익),2627
보건복지부,국립춘천병원,춘천병원 운영(자본),938
보건복지부,국립춘천병원,춘천병원기본경비(손익),1377
보건복지부,국립춘천병원,춘천병원기본경비(자본),168
보건복지부,국립춘천병원,춘천병원인건비,6666
보건복지부,국립춘천병원,춘천병원정보화사업(자본),33
산림청,일반회계,Golden Seed프로젝트,1100
산림청,일반회계,국가산림통계(일반),11167
산림청,일반회계,국립산림과학원 기본경비(일반),2468
산림청,일반회계,국립산림과학원 인건비(일반),17151
산림청,일반회계,국립산림품종관리센터 기본경비,584
산림청,일반회계,국립수목원 기본경비(일반),896
산림청,일반회계,국유재산 및 산지관리(일반),77191
산림청,일반회계,국제산림협력(일반),18033
산림청,일반회계,목재생산기반조성(일반),4947
산림청,일반회계,본청 기본경비(일반),11280
산림청,일반회계,본청 인건비(총액인건비)(일반),22601
산림청,일반회계,산림경영기반구축(일반),3401
산림청,일반회계,산림과학기술개발(일반),56771
산림청,일반회계,산림과학기술정보화(정보화)(일반),527
산림청,일반회계,산림교육원 기본경비(일반),786
산림청,일반회계,산림복지서비스증진(일반),40796
산림청,일반회계,산림복지시설 조성 및 운영(일반),84223
산림청,일반회계,산림생물다양성증진(일반),14936
산림청,일반회계,산림생물종연구(일반),12562
산림청,일반회계,산림생태보전(일반),20896
산림청,일반회계,산림자원정보화(일반),8153
산림청,일반회계,산림재해방지(일반),393943
산림청,일반회계,산림품종관리 및 묘목생산(일반),16285
산림청,일반회계,산림항공본부 기본경비(일반),1849
산림청,일반회계,산림행정지원(일반),6016
산림청,일반회계,산림헬기 운영,43295
산림청,일반회계,생활림조성관리,4649
산림청,일반회계,소속기관 인건비(총액인건비)(일반),31279
산림청,일반회계,지방산림청 기본경비(일반),8932
산림청,일반회계,지방산림청 인건비(총액인건비)(일반),39634
산림청,일반회계,탄소배출권 기반조성(일반),4181
산림청,일반회계,한국임업진흥원 지원,18534
산림청,일반회계,회계간 전출(농특)(일반),558293
산림청,일반회계,회계간 전출(책특)(일반),28382
산림청,농어촌구조개선특별회계,산림병해충방제(농특),98697
산림청,농어촌구조개선특별회계,산림자원협력(농특),5980
산림청,농어촌구조개선특별회계,임업기술연구개발(농특),17668
산림청,농어촌구조개선특별회계,임업생산 및 목재활용증진(농특),27016
산림청,농어촌구조개선특별회계,임업인육성(농특),60222
산림청,농어촌구조개선특별회계,임업통계조사(농특),3625
산림청,농어촌구조개선특별회계,청정임산물이용증진(농특),50065
산림청,농어촌구조개선특별회계,탄소흡수원확충(농특),330347
산림청,농어촌구조개선특별회계,회계간 전출(농특),147281
산림청,지역발전특별회계,"산림경영자원육성(지특,경제)",56941
산림청,지역발전특별회계,"산림경영자원육성(지특,생활)",116938
산림청,지역발전특별회계,"산림경영자원육성(지특,세종)",683
산림청,지역발전특별회계,"산림경영자원육성(지특,제주)",2325
산림청,지역발전특별회계,"산림휴양녹색공간조성(지특,경제)",3362
산림청,지역발전특별회계,"산림휴양녹색공간조성(지특,생활)",146713
산림청,지역발전특별회계,"산림휴양녹색공간조성(지특,제주)",3570
산림청,국립자연휴양림관리소,"감가상각비(책특,손익)",1
산림청,국립자연휴양림관리소,"건강보험부담금(책특,손익)",319
산림청,국립자연휴양림관리소,"공무원연금부담금(책특,손익)",850
산림청,국립자연휴양림관리소,"국립자연휴양림관리소 인건비(책특,손익)",9873
산림청,국립자연휴양림관리소,"국립자연휴양림조성관리(책특,손익)",14102
산림청,국립자연휴양림관리소,"국립자연휴양림조성관리(책특,자본)",19896
산림청,국립자연휴양림관리소,"기본경비(책특,손익)",951
산림청,국립자연휴양림관리소,"기본경비(책특,자본)",16
산림청,국립자연휴양림관리소,"당기순이익(책특,손익)",1
산업통상자원부,일반회계,3D산업경쟁력강화,5044
산업통상자원부,일반회계,R&D관리기관지원,29848
산업통상자원부,일반회계,개발기술의실용화,2248
산업통상자원부,일반회계,공공기술개발,87289
산업통상자원부,일반회계,공동시설관리수입대체경비,639
산업통상자원부,일반회계,국가기술표준원정책수립운영,3472
산업통상자원부,일반회계,국가표준혁신및국제협력,4814
산업통상자원부,일반회계,국제납아연연구분담금,29
산업통상자원부,일반회계,국제인증제도기반구축,1968
산업통상자원부,일반회계,국제협력(일반회계),62630
산업통상자원부,일반회계,국제환경규제사전대응기반구축,995
산업통상자원부,일반회계,글로벌전문기술(일반회계),249212
산업통상자원부,일반회계,기계산업서비스화지원,5200
산업통상자원부,일반회계,기술개발기반구축(일반회계),162663
산업통상자원부,일반회계,기술인재공급및활용지원,21011
산업통상자원부,일반회계,기술표준정보화체계구축,676
산업통상자원부,일반회계,기술확산지원,26661
산업통상자원부,일반회계,기업입지환경개선,48287
산업통상자원부,일반회계,남북교역투자활성화,200
산업통상자원부,일반회계,녹색기술인증활성화,1328
산업통상자원부,일반회계,다자간통상협력지원,2797
산업통상자원부,일반회계,대중소기업동반성장,3950
산업통상자원부,일반회계,대중소생산성혁신파트너십지원,896
산업통상자원부,일반회계,대한무역투자진흥공사,268245
산업통상자원부,일반회계,대한상사중재원지원,1100
산업통상자원부,일반회계,로봇산업진흥,47490
산업통상자원부,일반회계,무역구제지원,1397
산업통상자원부,일반회계,무역금융지원,70000
산업통상자원부,일반회계,무역기술장벽대응기반강화,3119
산업통상자원부,일반회계,무역인력양성,2936
산업통상자원부,일반회계,미래산업선도기술개발사업,65733
산업통상자원부,일반회계,바이오분야국제협약이행,2464
산업통상자원부,일반회계,방산물자교역지원센터운영,615
산업통상자원부,일반회계,변화관리능력개발,400
산업통상자원부,일반회계,본부기본경비,14414
산업통상자원부,일반회계,본부인건비,69956
산업통상자원부,일반회계,본부정책수립운영,4802
산업통상자원부,일반회계,부품소재산업경쟁력향상,341390
산업통상자원부,일반회계,사업화연계기술개발,60934
산업통상자원부,일반회계,사이버안전센터구축운영,531
산업통상자원부,일반회계,산업경쟁력분석,672
산업통상자원부,일반회계,산업기술시험원,950
산업통상자원부,일반회계,산업기술유출방지및보호,1109
산업통상자원부,일반회계,산업기술저변확충및보호기반구축,368
산업통상자원부,일반회계,산업융합진흥,25692
산업통상자원부,일반회계,산업통상자원행정정보시스템구축,2877
산업통상자원부,일반회계,생산성향상지원,10648
산업통상자원부,일반회계,섬유패션생활용품산업육성,39484
산업통상자원부,일반회계,소속기관기본경비,6567
산업통상자원부,일반회계,소속기관기타행정지원,3628
산업통상자원부,일반회계,소속기관인건비,28840
산업통상자원부,일반회계,신산업융합핵심기술,260846
산업통상자원부,일반회계,신산업표준개발,6678
산업통상자원부,일반회계,양자간통상협력지원,15186
산업통상자원부,일반회계,유통물류기반조성(일반),1478
산업통상자원부,일반회계,의료기기국제경쟁력강화,16500
산업통상자원부,일반회계,인력양성(일반회계),69867
산업통상자원부,일반회계,자원생산성기반구축,900
산업통상자원부,일반회계,자유무역지역조성,49604
산업통상자원부,일반회계,자유무역협정체결,5975
산업통상자원부,일반회계,전략물자수출입통제기반구축,4785
산업통상자원부,일반회계,전시사업지원,6794
산업통상자원부,일반회계,정보화및정책지원(일반회계),5755
산업통상자원부,일반회계,제품안전관리기반조성,6523
산업통상자원부,일반회계,주력산업국제협력,200
산업통상자원부,일반회계,주력산업융합핵심기술,283841
산업통상자원부,일반회계,중소기업화학물질관리기반구축,1425
산업통상자원부,일반회계,지식서비스산업육성,3063
산업통상자원부,일반회계,지역발전위원회운영,2763
산업통상자원부,일반회계,첨단금형산업육성,8500
산업통상자원부,일반회계,통상분쟁대응,1000
산업통상자원부,일반회계,통상전략연구및교육훈련,202
산업통상자원부,일반회계,통상협정국내대책추진,10292
산업통상자원부,일반회계,통합무역정보서비스기반구축,1563
산업통상자원부,일반회계,표준교육및이행확산,285
산업통상자원부,일반회계,표준화및인증(일반회계),50805
산업통상자원부,일반회계,한국디자인진흥원,11295
산업통상자원부,일반회계,해외투자지원,2460
산업통상자원부,일반회계,해외플랜트시장개척,5164
산업통상자원부,일반회계,회계기금간거래,141411
산업통상자원부,에너지및자원사업특별회계,가스수급안정,9815
산업통상자원부,에너지및자원사업특별회계,가스안전관리,68198
산업통상자원부,에너지및자원사업특별회계,가스안전관리융자,20900
산업통상자원부,에너지및자원사업특별회계,광물자원개발,7452
산업통상자원부,에너지및자원사업특별회계,광물자원개발융자,143750
산업통상자원부,에너지및자원사업특별회계,광산물비축,39311
산업통상자원부,에너지및자원사업특별회계,광산지역진흥,186275
산업통상자원부,에너지및자원사업특별회계,광산지역진흥융자,2000
산업통상자원부,에너지및자원사업특별회계,국내외유전개발,57000
산업통상자원부,에너지및자원사업특별회계,국제협력,8350
산업통상자원부,에너지및자원사업특별회계,기반구축,12487
산업통상자원부,에너지및자원사업특별회계,기술정책,2767
산업통상자원부,에너지및자원사업특별회계,기후변화협약대응,16034
산업통상자원부,에너지및자원사업특별회계,대한석탄공사지원,40350
산업통상자원부,에너지및자원사업특별회계,도시가스공급,75000
산업통상자원부,에너지및자원사업특별회계,석유가스품질관리,12791
산업통상자원부,에너지및자원사업특별회계,석유비축,58926
산업통상자원부,에너지및자원사업특별회계,석유안정공급,6327
산업통상자원부,에너지및자원사업특별회계,석탄수급안정,216628
산업통상자원부,에너지및자원사업특별회계,에너지공급기술,49218
산업통상자원부,에너지및자원사업특별회계,에너지관리공단지원,47961
산업통상자원부,에너지및자원사업특별회계,에너지및자원사업특별회계운용,1227
산업통상자원부,에너지및자원사업특별회계,에너지바우처,105800
산업통상자원부,에너지및자원사업특별회계,에너지수요기술,189223
산업통상자원부,에너지및자원사업특별회계,에너지이용합리화,118684
산업통상자원부,에너지및자원사업특별회계,에너지이용효율향상(융자),500000
산업통상자원부,에너지및자원사업특별회계,에너지자원국제협력,1792
산업통상자원부,에너지및자원사업특별회계,에너지자원정책지원,6973
산업통상자원부,에너지및자원사업특별회계,인력양성,16881
산업통상자원부,에너지및자원사업특별회계,일반광육성,19115
산업통상자원부,에너지및자원사업특별회계,타계정전출금,466564
산업통상자원부,에너지및자원사업특별회계,한국광물자원공사지원,151200
산업통상자원부,에너지및자원사업특별회계,회계기금간거래,2539967
산업통상자원부,지역발전특별회계,경제자유구역지원,69452
산업통상자원부,지역발전특별회계,광역경제권거점기관지원,396394
산업통상자원부,지역발전특별회계,광역경제권산업경쟁력강화,527989
산업통상자원부,지역발전특별회계,광역경제권투자유치활성화,125765
산업통상자원부,지역발전특별회계,외국인투자유치활성화,88202
산업통상자원부,지역발전특별회계,외국인투자유치활성화(제주),750
산업통상자원부,지역발전특별회계,지역생활권발전협의체운영,3070
산업통상자원부,지역발전특별회계,지역특성화산업육성,87291
산업통상자원부,지역발전특별회계,지역특화산업육성지원,340
새만금개발청,일반회계,기본경비,2962
새만금개발청,일반회계,새만금개발사업지원,43223
새만금개발청,일반회계,새만금개발청 운영,3512
새만금개발청,일반회계,인건비,7938
새만금개발청,지역발전특별회계,새만금개발사업지원,10646
소방방재청,일반회계,국가재난관리정보시스템구축(정보화),4978
소방방재청,일반회계,국민재난안전의식개선,1048
소방방재청,일반회계,민방위사태대응능력강화,10408
소방방재청,일반회계,방재교육운영,1357
소방방재청,일반회계,방재인프라조성,3550
소방방재청,일반회계,본부기본경비,6980
소방방재청,일반회계,본부인건비,27626
소방방재청,일반회계,소방교육강화,4174
소방방재청,일반회계,소방방재역량강화,2181
소방방재청,일반회계,소방보조인력운영,18796
소방방재청,일반회계,소방시설장비지원,122010
소방방재청,일반회계,소방정보시스템구축(정보화),5829
소방방재청,일반회계,소방제도기술선진화,683
소방방재청,일반회계,소속기관기본경비,4907
소방방재청,일반회계,소속기관인건비,19294
소방방재청,일반회계,자율소방안전관리강화,2444
소방방재청,일반회계,재난안전기술개발,36411
소방방재청,일반회계,재난예방안전관리강화,2248
소방방재청,일반회계,재난행정정보화(정보화),129
소방방재청,일반회계,재해경감활성화,21133
소방방재청,일반회계,재해대책예비비,30480
소방방재청,일반회계,재해위험ㆍ취약지역정비,473553
소방방재청,일반회계,중앙119구조본부역량강화,37240
소방방재청,일반회계,통합지휘무선통신망운영(정보화),2836
소방방재청,지역발전특별회계,119시설장비현대화(제주),722
소방방재청,지역발전특별회계,소하천정비,234480
소방방재청,지역발전특별회계,재해위험지역정비,4227
식품의약품안전처,일반회계,건강한 식생활 환경조성,5625
식품의약품안전처,일반회계,농축수산 안전관리 강화,9781
식품의약품안전처,일반회계,바이오생약 안전기반 구축,6339
식품의약품안전처,일반회계,본부 기본경비,7851
식품의약품안전처,일반회계,시험검사 신뢰성 확보,15396
식품의약품안전처,일반회계,식의약안전평가원 기본경비,1766
식품의약품안전처,일반회계,식의약품 안전 연구개발,76159
식품의약품안전처,일반회계,식의약품 안전지원,9077
식품의약품안전처,일반회계,식의약품 정보화,13304
식품의약품안전처,일반회계,식의약품 정책 연구개발,869
식품의약품안전처,일반회계,식품 등 기준규격 설정 평가,3152
식품의약품안전처,일반회계,식품 안전관리 강화,6898
식품의약품안전처,일반회계,식품 안전기반 구축,18341
식품의약품안전처,일반회계,위해예방 체계 구축,1899
식품의약품안전처,일반회계,의료기기 안전관리 강화,1874
식품의약품안전처,일반회계,의료기기 안전기반 구축,5415
식품의약품안전처,일반회계,의약품 공급기반 확충,4658
식품의약품안전처,일반회계,의약품 안전관리 강화,3408
식품의약품안전처,일반회계,의약품 안전기반 구축,10930
식품의약품안전처,일반회계,인건비,108205
식품의약품안전처,일반회계,인허가 심사 선진화,7514
식품의약품안전처,일반회계,지방청 기본경비,4487
식품의약품안전처,일반회계,지방청 운영지원,3859
식품의약품안전처,일반회계,집단급식소 위생강화,37856
식품의약품안전처,일반회계,창의행정 활성화,921
식품의약품안전처,일반회계,허가심사 안전성 제고,8654
식품의약품안전처,농어촌구조개선특별회계,농축수산 안전관리 강화,16019
식품의약품안전처,지역발전특별회계,식의약품 안전관리 강화,4732
안전행정부,일반회계,2ㆍ28민주운동지원,200
안전행정부,일반회계,강제동원진상규명,27714
안전행정부,일반회계,개인정보보호강화,11941
안전행정부,일반회계,고용휴직제도운영,15862
안전행정부,일반회계,고위공무원단제도운영,1877
안전행정부,일반회계,공공데이터개방및이용활성화지원(정보화),19856
안전행정부,일반회계,공공서비스신기술적용촉진(정보화),7397
안전행정부,일반회계,공무원교육훈련,47978
안전행정부,일반회계,공무원단체및노사관계운영,484
안전행정부,일반회계,공무원통근버스운행,12847
안전행정부,일반회계,공무원후생복지지원,1990
안전행정부,일반회계,공직선거관리및지방의회역량강화,643
안전행정부,일반회계,공직윤리종합정보시스템운영(정보화),1362
안전행정부,일반회계,과거사관련업무지원단운영,11783
안전행정부,일반회계,과표양성화를위한시가표준액조사,1498
안전행정부,일반회계,과학수사감정기법연구개발,4809
안전행정부,일반회계,과학수사연구원기본경비,3451
안전행정부,일반회계,과학수사연구원인건비,21560
안전행정부,일반회계,과학수사정보화(정보화),601
안전행정부,일반회계,과학적수사활동지원,15253
안전행정부,일반회계,광주민주인권평화사업지원,2429
안전행정부,일반회계,교육과정운영,4282
안전행정부,일반회계,교육운영지원,3076
안전행정부,일반회계,국가시험시행,10614
안전행정부,일반회계,국가안전정책수립및시행,1696
안전행정부,일반회계,국가의정관리,16054
안전행정부,일반회계,국가인재데이터베이스내실화,236
안전행정부,일반회계,국민대통합위원회운영,8455
안전행정부,일반회계,국민생활안전체계구축,3199
안전행정부,일반회계,국제사회전자정부선도국가위상강화(정보화),1717
안전행정부,일반회계,국제행정발전지원,461
안전행정부,일반회계,기록관리인프라구축,707
안전행정부,일반회계,기록관리정보화(정보화),4958
안전행정부,일반회계,기록관리정책및교육,1046
안전행정부,일반회계,기록물보전시설관리,6984
안전행정부,일반회계,기록물보존기술연구,900
안전행정부,일반회계,기록물효율적관리,10040
안전행정부,일반회계,기록정보서비스,1698
안전행정부,일반회계,기반정보관련전산망운영(정보화),418
안전행정부,일반회계,대민서비스기반확충,2438
안전행정부,일반회계,대통령기록관리,25962
안전행정부,일반회계,도로교통사고예방,172
안전행정부,일반회계,도로명주소사업추진,5720
안전행정부,일반회계,미래전자정부추진(정보화),3461
안전행정부,일반회계,민원처리개선(정보화),5963
안전행정부,일반회계,민주화관련자명예회복,3710
안전행정부,일반회계,민주화운동기념사업회지원,5858
안전행정부,일반회계,보통교부세,32168685
안전행정부,일반회계,본부기본경비,18951
안전행정부,일반회계,본부인건비,133972
안전행정부,일반회계,부내행정지원,1134
안전행정부,일반회계,부동산교부세,1410400
안전행정부,일반회계,부산민주항쟁기념사업,238
안전행정부,일반회계,비상대비정보화(정보화),2107
안전행정부,일반회계,비상대비훈련,913
안전행정부,일반회계,비상시동원능력강화,925
안전행정부,일반회계,비영리민간단체지원,10500
안전행정부,일반회계,사이버교육센터및전산운영(정보화),2489
안전행정부,일반회계,새마을금고지원,93
안전행정부,일반회계,새마을운동지원,8191
안전행정부,일반회계,생활공감정책추진,400
안전행정부,일반회계,서해5도종합발전지원,6767
안전행정부,일반회계,성숙하고따뜻한사회구현,2197
안전행정부,일반회계,소방안전교부세,314080
안전행정부,일반회계,소속기관기본경비,15059
안전행정부,일반회계,소속기관인건비,100086
안전행정부,일반회계,수탁출제수입대체경비,1065
안전행정부,일반회계,승강기안전관리,1812
안전행정부,일반회계,아름다운화장실조성,242
안전행정부,일반회계,안전행정정보화(정보화),5983
안전행정부,일반회계,연수원수입대체경비,5308
안전행정부,일반회계,연수원운영,4496
안전행정부,일반회계,연수원정보화(정보화),533
안전행정부,일반회계,온천산업활성화,300
안전행정부,일반회계,이북도민관련지원,1792
안전행정부,일반회계,일반회계에서공무원연금기금으로전출금,3035279
안전행정부,일반회계,자원봉사1365시스템운영(정보화),1000
안전행정부,일반회계,자원봉사활성화지원,8851
안전행정부,일반회계,자전거인프라구축,29410
안전행정부,일반회계,자치단체상시모니터링시스템구축(정보화),354
안전행정부,일반회계,재난안전업무지원기술개발,31728
안전행정부,일반회계,재난안전통신망구축,47000
안전행정부,일반회계,전자인사관리시스템운영(정보화),1406
안전행정부,일반회계,전자정부성과평가강화(정보화),423
안전행정부,일반회계,전자정부실행기반마련(정보화),121487
안전행정부,일반회계,정보공개활성화,750
안전행정부,일반회계,정보보호체계강화(정보화),8491
안전행정부,일반회계,정보자원관리기반확충(정보화),7828
안전행정부,일반회계,정보화마을활성화(정보화),4160
안전행정부,일반회계,정부청사시설관리,168931
안전행정부,일반회계,정부통합전산센터운영(정보화),302235
안전행정부,일반회계,정책연구개발,865
안전행정부,일반회계,제주민군복합항주변지역발전지원,3160
안전행정부,일반회계,주민등록및인감운영(정보화),1848
안전행정부,일반회계,주한미군공여구역주변지역등지원,180680
안전행정부,일반회계,주한미군기지이전에따른평택지원,37899
안전행정부,일반회계,중앙공무원교육원수입대체경비,1348
안전행정부,일반회계,지방공기업경영평가추진,1065
안전행정부,일반회계,지방세종합정보시스템운영(정보화),3410
안전행정부,일반회계,지방자주재원확충을위한정책추진,100
안전행정부,일반회계,지방자치단체경쟁력지원,1402
안전행정부,일반회계,지역공동체기반조성및역량강화,190
안전행정부,일반회계,지역발전지원,1435
안전행정부,일반회계,지역일자리창출,9207
안전행정부,일반회계,지역정보화지원(정보화),18781
안전행정부,일반회계,지자체국제교류협력지원및지방행정분야국제교류사업,76
안전행정부,일반회계,지자체역량강화,4621
안전행정부,일반회계,지자체재정분석및재정제도개선,652
안전행정부,일반회계,책임운영기관제운영및정부조직진단관리,886
안전행정부,일반회계,청주시자율통합기반조성,50000
안전행정부,일반회계,특별교부세,994907
안전행정부,일반회계,표준지방인사정보시스템운영(정보화),1129
안전행정부,일반회계,표준지방재정정보시스템운영(정보화),2132
안전행정부,일반회계,행정정보화지원및관리조정(정보화),4438
안전행정부,일반회계,행정효율성향상,5473
안전행정부,지역발전특별회계,광역경제권추진지원,200
안전행정부,지역발전특별회계,어린이안전영상정보인프라구축,52574
안전행정부,지역발전특별회계,자원봉사활성화지원(제주),50
안전행정부,지역발전특별회계,접경초광역권발전지원,18959
안전행정부,지역발전특별회계,지역교통안전환경개선,64600
안전행정부,지역발전특별회계,지역교통안전환경개선(제주),3000
안전행정부,지역발전특별회계,지역일자리창출,23689
안전행정부,지역발전특별회계,지역일자리창출(세종),68
안전행정부,지역발전특별회계,지역일자리창출(제주),195
안전행정부,지역발전특별회계,지자체자율통합지원,16685
안전행정부,지역발전특별회계,특수상황지역개발,186522
안전행정부,지역발전특별회계,특수상황지역개발(제주),2879
안전행정부,혁신도시건설특별회계,재난안전연구원청사신축,4306
안전행정부,혁신도시건설특별회계,중앙공무원교육원이전,57012
여성가족부,일반회계,가족친화환경조성,2474
여성가족부,일반회계,건강가정지원센터운영,25043
여성가족부,일반회계,경력단절여성 등 취업지원,44579
여성가족부,일반회계,국제네트워크 활성화추진(예산),6532
여성가족부,일반회계,기본경비,4554
여성가족부,일반회계,민간자격 운영 · 관리,95
여성가족부,일반회계,아동·여성안전정책 지원,4450
여성가족부,일반회계,아동·청소년 성보호정책 지원,8032
여성가족부,일반회계,아이돌봄지원,78716
여성가족부,일반회계,양성평등문화확산 및 국내협력네트워크 강화,1685
여성가족부,일반회계,여성·가족정책의식확산,1770
여성가족부,일반회계,여성인력개발및활용(예산),2264
여성가족부,일반회계,위기가족역량강화지원,3496
여성가족부,일반회계,인건비,16829
여성가족부,일반회계,일본군위안부피해자지원,2914
여성가족부,일반회계,정보화추진(정보화),2589
여성가족부,일반회계,정책연구및개발(R&D),323
여성가족부,일반회계,정책협의및평가,3253
여성가족부,일반회계,청소년 생활환경 개선 및 폭력·가출예방,4972
여성가족부,일반회계,청소년 체험활동기회확대,9737
여성가족부,일반회계,청소년관련 산하기관 지원,37487
여성가족부,일반회계,청소년수련시설 건립 및 지원,10818
여성가족부,일반회계,청소년시설 및 단체지원,3095
여성가족부,일반회계,청소년정책 기반강화,1602
여성가족부,일반회계,한국양성평등교육진흥원지원(예산),6606
여성가족부,일반회계,행정능률향상및민원서비스개선사업,299
여성가족부,지역발전특별회계,가족친화환경조성,7048
여성가족부,지역발전특별회계,청소년시설확충,65564
외교부,일반회계,ASEAN 및 남아태지역국가와의 교류협력강화,10226
외교부,일반회계,개발협력 및 인도적 지원,42087
외교부,일반회계,경제외교연구(R&D),216
외교부,일반회계,공공문화외교 강화,17843
외교부,일반회계,국공채원금상환,21742
외교부,일반회계,국제기구 협력강화,8015
외교부,일반회계,국제기구분담금,440615
외교부,일반회계,국제법적 대응 강화,6452
외교부,일반회계,글로벌 인재양성,640
외교부,일반회계,글로벌 프로그램,254320
외교부,일반회계,다자 경제외교 강화,2076
외교부,일반회계,동북아지역국가와의 전략적 협력관계 강화,7194
외교부,일반회계,동아시아기후 파트너십 추진,11600
외교부,일반회계,본부 기본경비,41518
외교부,일반회계,본부인건비,62811
외교부,일반회계,북미지역국가와의 전략적 특별협력관계 강화,2345
외교부,일반회계,북핵문제 협의지원,1114
외교부,일반회계,소속기관 기본경비,4317
외교부,일반회계,소속기관 인건비,7134
외교부,일반회계,아시아 및 태평양지역 국가원조,133880
외교부,일반회계,아중동지역국가와의 교류협력강화,3880
외교부,일반회계,아프리카지역 국가원조,103859
외교부,일반회계,에너지외교 및 기후변화녹색성장국제협력강화,4856
외교부,일반회계,여권발급(수입대체경비),7045
외교부,일반회계,외교 정보화,20377
외교부,일반회계,외교전략 수립,200
외교부,일반회계,외교전략 연구 및 교육훈련,10584
외교부,일반회계,외교정책 대내외 이해제고,1384
외교부,일반회계,외교활동 업무지원,23023
외교부,일반회계,유럽지역국가와의 교류협력강화,4642
외교부,일반회계,재외공관 건물개선 및 유지관리,21548
외교부,일반회계,재외공관 운영,13138
외교부,일반회계,재외공관 운영 기본경비,143503
외교부,일반회계,재외공관 인건비,205411
외교부,일반회계,재외공관 행정직원 역량강화,102401
외교부,일반회계,재외국민 보호 및 영사서비스 지원,16069
외교부,일반회계,재외동포권익향상,586
외교부,일반회계,재외동포재단,50328
외교부,일반회계,전자여권제조 및 개선(수입대체경비),72261
외교부,일반회계,정상회의 참가 및 국빈영접,18532
외교부,일반회계,정책연구개발(R&D),126
외교부,일반회계,중남미지역 국가원조,31113
외교부,일반회계,중남미지역국가와의 교류협력강화,3811
외교부,일반회계,중동CIS지역 국가원조,43103
외교부,일반회계,지역 경제외교 강화,5009
외교부,일반회계,평화체제 구축지원,6317
외교부,일반회계,협력사업 지원,55115
원자력안전위원회,일반회계,기본경비,4255
원자력안전위원회,일반회계,방사선안전기반구축,12392
원자력안전위원회,일반회계,원자력안전 국제협력기반조성,960
원자력안전위원회,일반회계,원자력안전기반구축,2000
원자력안전위원회,일반회계,원자력안전연구(R&D),27750
원자력안전위원회,일반회계,인건비,9269
원자력안전위원회,일반회계,직할출연연구기관지원(R&D),42501
원자력안전위원회,일반회계,핵비확산 이행체제구축,2328
조달청,조달특별회계,공공조달 정책개발 및 효율화,968
조달청,조달특별회계,공무원 연금부담금,7266
조달청,조달특별회계,공사발주 및 사업관리 지원,2625
조달청,조달특별회계,국유재산 조사 및 관리,1172
조달청,조달특별회계,기본경비,12431
조달청,조달특별회계,기본경비(자본),621
조달청,조달특별회계,기타여유자금운용,25000
조달청,조달특별회계,법정부담금,1932
조달청,조달특별회계,인건비,61186
조달청,조달특별회계,일반회계 전출금,83087
조달청,조달특별회계,전산장비 운영,794
조달청,조달특별회계,정부물품 구매지원,2546
조달청,조달특별회계,정부조달 국제협력체제 구축,679
조달청,조달특별회계,조달물자 품질검사 및 관리(자본),190
조달청,조달특별회계,조달전문교육 운영,1070
조달청,조달특별회계,조달정보화,19639
조달청,조달특별회계,조달행정 역량강화,2287
조달청,조달특별회계,청사이전 지원,149
조달청,조달특별회계,청사확보 및 시설개선,11253
조달청,조달특별회계,타계정 전출금,100333
중소기업청,일반회계,개성공단진출지원,86
중소기업청,일반회계,국립마이스터고기본경비,4848
중소기업청,일반회계,국립마이스터고육성,14725
중소기업청,일반회계,국립마이스터고인건비,30519
중소기업청,일반회계,규제영향평가 및 옴부즈만운영,1930
중소기업청,일반회계,글로벌중견기업육성인프라구축,2114
중소기업청,일반회계,기술개발인프라구축,12115
중소기업청,일반회계,기술개발지원(R&D),719710
중소기업청,일반회계,기술정보진흥원운영(정보화),2980
중소기업청,일반회계,기업간협력증진,6461
중소기업청,일반회계,매출채권보험계정출연,28500
중소기업청,일반회계,벤처성장인프라지원,6407
중소기업청,일반회계,본부기본경비,9906
중소기업청,일반회계,본부인건비,50269
중소기업청,일반회계,신용보증기관출연,50000
중소기업청,일반회계,신용보증재원상환,103833
중소기업청,일반회계,여성·장애인기업지원,14951
중소기업청,일반회계,일반회계전출(중진기금),1118467
중소기업청,일반회계,정책정보제공기반구축(정보화),1400
중소기업청,일반회계,중견기업역량강화,85730
중소기업청,일반회계,중소기업수출역량강화,70605
중소기업청,일반회계,중소기업인력지원,48668
중소기업청,일반회계,중소기업정보화지원(정보화),21570
중소기업청,일반회계,중소기업조사평가,7779
중소기업청,일반회계,중소기업중앙회보조,9378
중소기업청,일반회계,중소기업컨설팅,19319
중소기업청,일반회계,중소기업판로지원,29620
중소기업청,일반회계,중소기업해외시장개척지원,56418
중소기업청,일반회계,지방청기본경비,7024
중소기업청,일반회계,지역특화발전특구제도,846
중소기업청,일반회계,창업활성화지원,202854
중소기업청,일반회계,청사확보및시설개선,105
중소기업청,일반회계,행정효율성증진및능력개발,435
중소기업청,지역발전특별회계,"산학연협력기술개발(지특, R&D)",152003
중소기업청,지역발전특별회계,전통시장및중소유통물류기반조성(지특),82237
중소기업청,지역발전특별회계,전통시장및중소유통물류긱반조성(지특),7
중소기업청,지역발전특별회계,제주이관업무지원,1102
중소기업청,지역발전특별회계,창업인프라지원(지특),30700
중앙선거관리위원회,일반회계,공직선거관리,10054
중앙선거관리위원회,일반회계,기관운영지원,15708
중앙선거관리위원회,일반회계,기본경비,14004
중앙선거관리위원회,일반회계,선거관리지원,974
중앙선거관리위원회,일반회계,선거행정정보화,2851
중앙선거관리위원회,일반회계,시민교육및공명선거정착,16264
중앙선거관리위원회,일반회계,예비금,460
중앙선거관리위원회,일반회계,인건비,171803
중앙선거관리위원회,일반회계,정당발전지원,40833
중앙선거관리위원회,일반회계,청사관리,14164
통계청,일반회계,경인지방통계청,28931
통계청,일반회계,경제총조사,2382
통계청,일반회계,경제통계작성,11667
통계청,일반회계,국가통계정책추진,2763
통계청,일반회계,농림어업총조사,20699
통계청,일반회계,대내외협력강화,2823
통계청,일반회계,동남지방통계청,18756
통계청,일반회계,동북지방통계청,23171
통계청,일반회계,본부 기본경비,5590
통계청,일반회계,본부 인건비,40892
통계청,일반회계,사회농어업통계작성,13740
통계청,일반회계,인구주택총조사,106124
통계청,일반회계,청사시설 환경개선,3334
통계청,일반회계,충청지방통계청,19275
통계청,일반회계,통계개발원,3832
통계청,일반회계,통계생산대행 수입대체경비,2100
통계청,일반회계,통계자료관리,875
통계청,일반회계,통계전문교육,11046
통계청,일반회계,통계정보화,20981
통계청,일반회계,통계조사지원,15433
통계청,일반회계,행정자료통합관리,3860
통계청,일반회계,호남지방통계청,28936
통일부,일반회계,개성공단 사업지원,854
통일부,일반회계,남북 경제공동체 형성 기반구축,493
통일부,일반회계,남북출입사무소 시설운영,1941
통일부,일반회계,남북회담 추진,1495
통일부,일반회계,남북회담본부 운영,1727
통일부,일반회계,대북활동지원,1966
통일부,일반회계,본부 기본경비,4544
통일부,일반회계,본부 전산운영,3144
통일부,일반회계,북한이탈주민 사회적응 지원,91108
통일부,일반회계,북한이탈주민 정착 행정지원,33512
통일부,일반회계,북한자료센터 운영,534
통일부,일반회계,북한정보 수집 및 분석 역량 강화,2956
통일부,일반회계,소속기관 기본경비,5284
통일부,일반회계,이산가족 및 납북피해자 지원,1411
통일부,일반회계,인건비,37689
통일부,일반회계,일반회계에서 남북협력기금으로 전출금,120000
통일부,일반회계,전시납북 진상규명 및 명예회복,5583
통일부,일반회계,통일교육원 시설운영,2816
통일부,일반회계,통일교육추진,17128
통일부,일반회계,통일업무 R&D,410
통일부,일반회계,통일업무지원,389
통일부,일반회계,통일정보화,2428
통일부,일반회계,통일준비위원회,4065
통일부,일반회계,평화통일기반조성,8507
특허청,특허청,R&D 효율성제고를위한 특허정보 활용강화,41559
특허청,특허청,감가상각비,1019
특허청,특허청,건강보험부담금,3807
특허청,특허청,국제협력강화 기반구축,2538
특허청,특허청,당기순이익,1075
특허청,특허청,반도체설계재산 인프라 구축,1379
특허청,특허청,본부 기본경비,12181
특허청,특허청,본부 기본경비(자본),294
특허청,특허청,소속기관 기본경비,1613
특허청,특허청,소속기관 기본경비(자본),230
특허청,특허청,심사·심판 역량강화,1295
특허청,특허청,심사·심판처리 지원,68711
특허청,특허청,예비비,110
특허청,특허청,인건비,120779
특허청,특허청,지식재산 인력양성,18891
특허청,특허청,지식재산교육 인프라 구축(자본),618
특허청,특허청,지식재산교육확산(수입대체경비),181
특허청,특허청,지식재산권보호 기반조성,18976
특허청,특허청,지식재산창출 기반조성,16818
특허청,특허청,지식재산창출 기반조성(자본),51
특허청,특허청,지역사무소 기본경비,1055
특허청,특허청,지역사무소 기본경비(자본),34
특허청,특허청,지역지식재산 경쟁력제고,27620
특허청,특허청,특허고객 서비스지원,3935
특허청,특허청,특허기술 활용촉진,32595
특허청,특허청,특허정보시스템 구축·운영,32122
특허청,특허청,특허정보시스템 구축·운영(자본),867
특허청,특허청,특허정보화 국제협력,1428
특허청,특허청,특허행정 변화관리,453
특허청,특허청,회계기금간 거래,12557
특허청,특허청,회계기금간 거래(책특 특허),100837
해양경찰청,일반회계,경비구난지원,9193
해양경찰청,일반회계,경비시스템 구축,17701
해양경찰청,일반회계,경찰활동지원,46563
해양경찰청,일반회계,기획조정지원,5265
해양경찰청,일반회계,방제정건조,3425
해양경찰청,일반회계,보급지원,111648
해양경찰청,일반회계,본부 기본경비,8721
해양경찰청,일반회계,본부 인건비,53464
해양경찰청,일반회계,소속기관 기본경비,31378
해양경찰청,일반회계,소속기관 인건비,528515
해양경찰청,일반회계,수사활동,3891
해양경찰청,일반회계,외사활동,664
해양경찰청,일반회계,정보통신관리,18860
해양경찰청,일반회계,정비지원,40574
해양경찰청,일반회계,정책연구,190
해양경찰청,일반회계,총무지원,17357
해양경찰청,일반회계,함정건조,251866
해양경찰청,일반회계,함정정비,20696
해양경찰청,일반회계,항공기도입,14366
해양경찰청,일반회계,해상안전활동,19976
해양경찰청,일반회계,해양경찰 시설개선,1607
해양경찰청,일반회계,해양경찰학교지원,11395
해양경찰청,일반회계,해양오염방제,6643
해양수산부,일반회계,국립수산과학원 기본경비,3729
해양수산부,일반회계,국립수산과학원 인건비,37398
해양수산부,일반회계,국립수산과학원정보화(정보화),3060
해양수산부,일반회계,국립수산물품질관리원정보화,903
해양수산부,일반회계,국제협력협상,1925
해양수산부,일반회계,극지및대양과학연구(R&D),9500
해양수산부,일반회계,도서지역 해상교통 지원(일반),29228
해양수산부,일반회계,본부기본경비,8484
해양수산부,일반회계,본부인건비,49005
해양수산부,일반회계,본부전산운영경비,2016
해양수산부,일반회계,선원근로 복지 향상,4503
해양수산부,일반회계,소속기관기본경비,11666
해양수산부,일반회계,소속기관인건비,175152
해양수산부,일반회계,수산과학연구,39144
해양수산부,일반회계,수산산업창업투자,2000
해양수산부,일반회계,수산연구개발(R&D),2200
해양수산부,일반회계,수산연구지원,23779
해양수산부,일반회계,수산자원회복(일반),15000
해양수산부,일반회계,수협경영정상화,6014
해양수산부,일반회계,어업지도정보화,568
해양수산부,일반회계,어업질서 확립,71177
해양수산부,일반회계,연구장비개발 및 인프라구축(R&D),126840
해양수산부,일반회계,연안관리정보구축(정보화),453
해양수산부,일반회계,연안환경관리(일반),63422
해양수산부,일반회계,울산신항 개발,97540
해양수산부,일반회계,울산청 공통행정운영지원,485
해양수산부,일반회계,울산청 기본경비,828
해양수산부,일반회계,울산청 인건비,5893
해양수산부,일반회계,울산청 전산운영경비,13
해양수산부,일반회계,일반회계 전출(수발기금),12340
해양수산부,일반회계,정책연구개발(R&D),395
해양수산부,일반회계,지방청등기본경비,11518
해양수산부,일반회계,청사확보 및 시설개선,7271
해양수산부,일반회계,한국해양과학기술원 운영지원,178590
해양수산부,일반회계,항로표지확충 및 관리(울산청),1864
해양수산부,일반회계,항만건설사업정보화(정보화),330
해양수산부,일반회계,항만물류정보화(정보화),7642
해양수산부,일반회계,항만시설유지보수(울산청),6300
해양수산부,일반회계,항만운영 및 관리(울산청),18637
해양수산부,일반회계,항만유류오염관리시설 지원,10431
해양수산부,일반회계,항만인력공급체제개편지원,205
해양수산부,일반회계,항만지하시설물정보구축(정보화),740
해양수산부,일반회계,항행안전정보(정보화),810
해양수산부,일반회계,해상교통안전진단정보관리시스템(정보화),52
해양수산부,일반회계,해양관광육성,18720
해양수산부,일반회계,해양기술역량강화(R&D),15143
해양수산부,일반회계,해양박물관 유물관리시스템(정보화),250
해양수산부,일반회계,해양생명자원 조사,300
해양수산부,일반회계,"해양생물자원관 건립,운영",24726
해양수산부,일반회계,해양생태계 보전 및 복원,11180
해양수산부,일반회계,해양생태통합정보,364
해양수산부,일반회계,해양수산R&D역량강화(R&D),5055
해양수산부,일반회계,해양수산기술지역특성화(R&D),4171
해양수산부,일반회계,해양수산생명공학기술개발(R&D),27366
해양수산부,일반회계,해양수산역량교육사업,200
해양수산부,일반회계,해양수산인재개발원교육경비,848
해양수산부,일반회계,해양수산인재개발원정보화,205
해양수산부,일반회계,해양수산정책지원,2110
해양수산부,일반회계,해양수산행정정보화(정보화),5240
해양수산부,일반회계,해양수산환경 기술개발(R&D),26331
해양수산부,일반회계,해양심판정보(정보화),289
해양수산부,일반회계,해양안전관리시스템 구축.운영(일반),29346
해양수산부,일반회계,해양영토관리기반구축,11974
해양수산부,일반회계,해양오염 피해복구,6352
해양수산부,일반회계,해양자원이용기술개발(R&D),33738
해양수산부,일반회계,해양정책 및 문화기반조성,39600
해양수산부,일반회계,해양조사정보(정보화),2629
해양수산부,일반회계,해양지형조사 및 정보제공,89376
해양수산부,일반회계,해양환경개선 및 관리,28135
해양수산부,일반회계,해양환경통합정보(정보화),319
해양수산부,일반회계,해운물류지원,30609
해양수산부,일반회계,해운물류지원(울산청),192
해양수산부,일반회계,해운인력양성 지원,35886
해양수산부,일반회계,해운종합정보시스템 개선(정보화),400
해양수산부,일반회계,행정능률향상 및 능력개발,811
해양수산부,일반회계,행정지원,637
해양수산부,일반회계,회계간전출(일반회계),1107649
해양수산부,교통시설특별회계,광양항 개발,11783
해양수산부,교통시설특별회계,그린포트 구축,33372
해양수산부,교통시설특별회계,마리나 항만개발,13500
해양수산부,교통시설특별회계,목포신항 개발,35323
해양수산부,교통시설특별회계,민자유치 및 글로벌기업유치,8687
해양수산부,교통시설특별회계,부산항 신항만 개발,137416
해양수산부,교통시설특별회계,새만금신항 개발,58088
해양수산부,교통시설특별회계,여수광양항만공사 지원,50000
해양수산부,교통시설특별회계,인천북항 개발,46562
해양수산부,교통시설특별회계,인천신항 개발,59558
해양수산부,교통시설특별회계,일반항 건설,276839
해양수산부,교통시설특별회계,주요항 건설,215428
해양수산부,교통시설특별회계,평택당진항 개발,36227
해양수산부,교통시설특별회계,포항영일만신항 개발,47882
해양수산부,교통시설특별회계,항로표지시설 확충 및 안전관리,49822
해양수산부,교통시설특별회계,항만 및 물류기술개발(R&D),12750
해양수산부,교통시설특별회계,항만 재개발,7200
해양수산부,교통시설특별회계,항만시설유지보수(교특),153806
해양수산부,교통시설특별회계,항만운영 및 관리,19622
해양수산부,교통시설특별회계,해양안전기술개발(R&D),13472
해양수산부,교통시설특별회계,회계간전출(교특회계),1225
해양수산부,농어촌구조개선특별회계,내수면어업,3840
해양수산부,농어촌구조개선특별회계,수산경영안정,17164
해양수산부,농어촌구조개선특별회계,수산금융자금이차보전,81171
해양수산부,농어촌구조개선특별회계,수산기술개발,8000
해양수산부,농어촌구조개선특별회계,수산물 수출지원,13308
해양수산부,농어촌구조개선특별회계,수산물가격안정,3373
해양수산부,농어촌구조개선특별회계,수산물유통개선(농특),74047
해양수산부,농어촌구조개선특별회계,수산어촌알리기,3077
해양수산부,농어촌구조개선특별회계,수산연구개발,19900
해양수산부,농어촌구조개선특별회계,수산자원조성,73760
해양수산부,농어촌구조개선특별회계,수산자원회복(농특),9738
해양수산부,농어촌구조개선특별회계,수산정보환경지원(정보화),960
해양수산부,농어촌구조개선특별회계,수산행정정보화(정보화),1745
해양수산부,농어촌구조개선특별회계,수출입수산물 안전성관리(농특),10986
해양수산부,농어촌구조개선특별회계,식품산업육성,14923
해양수산부,농어촌구조개선특별회계,안전한수산물공급관리(농특),16080
해양수산부,농어촌구조개선특별회계,어가소득보전,7716
해양수산부,농어촌구조개선특별회계,어촌어항관광기반조성(농특),6000
해양수산부,농어촌구조개선특별회계,어촌어항관리시스템 구축(정보화),308
해양수산부,농어촌구조개선특별회계,어항기반시설조성(농특),213168
해양수산부,농어촌구조개선특별회계,연근해어업구조조정,23470
해양수산부,농어촌구조개선특별회계,원양어업기반구축(농특),22002
해양수산부,농어촌구조개선특별회계,자율관리어업육성,13869
해양수산부,농어촌구조개선특별회계,재해대책,124699
해양수산부,농어촌구조개선특별회계,정책연구개발 및 녹색전략,524
해양수산부,농어촌구조개선특별회계,친환경어업(농특),67112
해양수산부,농어촌구조개선특별회계,회계간전출(농특회계),163917
해양수산부,에너지및자원사업특별회계,연안선사 유류비 지원,23200
해양수산부,에너지및자원사업특별회계,친환경어업(에특),15071
해양수산부,지역발전특별회계, 해양 및 수자원관리(제주),4235
해양수산부,지역발전특별회계,수산경영안정(제주),12
해양수산부,지역발전특별회계,수산물가공(생활),17367
해양수산부,지역발전특별회계,수산물가공(제주),1874
해양수산부,지역발전특별회계,수산물가공(지특),5517
해양수산부,지역발전특별회계,수산물유통개선(지특),14096
해양수산부,지역발전특별회계,수산자원관리,22871
해양수산부,지역발전특별회계,식품산업육성,18074
해양수산부,지역발전특별회계,안전한수산물공급관리(지특),600
해양수산부,지역발전특별회계,어업기반정비,148498
해양수산부,지역발전특별회계,어업기반정비(제주),22358
해양수산부,지역발전특별회계,어촌자원 복합산업화지원,15419
해양수산부,지역발전특별회계,어촌자원 복합산업화지원(제주),1400
해양수산부,지역발전특별회계,어항기반시설조성(제주),22300
해양수산부,지역발전특별회계,일반항 건설(제주도),59500
해양수산부,지역발전특별회계,제주 이관업무 지원,2008
해양수산부,지역발전특별회계,주요항 건설(제주),19679
해양수산부,지역발전특별회계,친환경어업(지특),1000
해양수산부,지역발전특별회계,특행기관 지방이전,3135
해양수산부,지역발전특별회계,항만시설유지보수(제주도),9468
해양수산부,지역발전특별회계,해양 및 수자원 관리,44978
해양수산부,대산지방해양항만청,감가상각비(책특회계),1
해양수산부,대산지방해양항만청,공무원연금부담금,485
해양수산부,대산지방해양항만청,당기순이익(책특회계),11882
해양수산부,대산지방해양항만청,대산청 기본경비(손익),1140
해양수산부,대산지방해양항만청,대산청 기본경비(자본),30
해양수산부,대산지방해양항만청,대산청 운영비(손익),162
해양수산부,대산지방해양항만청,대산청 운영비(자본),380
해양수산부,대산지방해양항만청,대산청 인건비,4040
해양수산부,대산지방해양항만청,대산청 전산운영경비,13
해양수산부,대산지방해양항만청,도서지역 해상교통 지원(대산청),836
해양수산부,대산지방해양항만청,연안환경 관리(대산청),5260
해양수산부,대산지방해양항만청,일반항 건설(대산청),21646
해양수산부,대산지방해양항만청,항로표지시설 확충 및 안전관리(대산청),3115
해양수산부,대산지방해양항만청,항만시설유지보수(대산청),646
해양수산부,대산지방해양항만청,해운물류지원(대산청),338
행정중심복합도시건설청,일반회계,회계간전출(행특회계),491613
행정중심복합도시건설청,행정중심복합도시건설특별회계,공무원연금부담금(행특회계),1212
행정중심복합도시건설청,행정중심복합도시건설특별회계,광역교통시설건설,249744
행정중심복합도시건설청,행정중심복합도시건설특별회계,광역복지지원센터 건립,8222
행정중심복합도시건설청,행정중심복합도시건설특별회계,국가행정시설 건립,31033
행정중심복합도시건설청,행정중심복합도시건설특별회계,기본경비,3077
행정중심복합도시건설청,행정중심복합도시건설특별회계,도시교통체계 구축,5155
행정중심복합도시건설청,행정중심복합도시건설특별회계,도시기능시설 건립,1570
행정중심복합도시건설청,행정중심복합도시건설특별회계,복합커뮤니티센터 건립,53488
행정중심복합도시건설청,행정중심복합도시건설특별회계,인건비,10924
행정중심복합도시건설청,행정중심복합도시건설특별회계,중앙행정기관 건립,86543
행정중심복합도시건설청,행정중심복합도시건설특별회계,지방행정시설 건립,34658
행정중심복합도시건설청,행정중심복합도시건설특별회계,행정중심복합도시건설 지원,4729
행정중심복합도시건설청,행정중심복합도시건설특별회계,행정중심복합도시건설청 운영,1630
헌법재판소,일반회계,국선대리인보수등,136
헌법재판소,일반회계,국제교류협력,746
헌법재판소,일반회계,기본경비,5588
헌법재판소,일반회계,예비금,25
헌법재판소,일반회계,인건비,21705
헌법재판소,일반회계,재판자료확충,514
헌법재판소,일반회계,재판활동지원,3657
헌법재판소,일반회계,청사및공관시설관리,1654
헌법재판소,일반회계,헌법재판정보화,3704
환경부,일반회계,회계간전출,3853274
환경부,농어촌구조개선특별회계,농어촌폐기물처리(농특),7966
환경부,농어촌구조개선특별회계,하수처리시설 확충(농특),74371
환경부,에너지및자원사업특별회계,기후변화협약대응,49199
환경부,에너지및자원사업특별회계,자동차배출가스 관리,109171
환경부,지역발전특별회계,고도정수처리시설설치,35247
환경부,지역발전특별회계,상수관망최적관리시스템 구축,27945
환경부,지역발전특별회계,상수도시설 확충 및 관리(제주),15350
환경부,지역발전특별회계,상수도시설확충 및 관리,371963
환경부,지역발전특별회계,상수도시설확충및관리,7870
환경부,지역발전특별회계,생태계보전(경제),3090
환경부,지역발전특별회계,수질개선기반구축,281986
환경부,지역발전특별회계,자연환경 보전 및 관리,39647
환경부,지역발전특별회계,자연환경 보전 및 관리(세종),350
환경부,지역발전특별회계,자연환경 보전 및 관리(제주),7105
환경부,지역발전특별회계,제주 이관업무 지원,142
환경부,지역발전특별회계,폐기물처리시설 확충(제주),860
환경부,지역발전특별회계,하수관거,11021
환경부,지역발전특별회계,하수도시설 확충 및 관리(제주),4673
환경부,지역발전특별회계,하수처리시설확충,10344
환경부,지역발전특별회계,환경기술개발(지특),7271
환경부,환경개선특별회계,공공기금 전출,15175
환경부,환경개선특별회계,과학원 운영,10473
환경부,환경개선특별회계,국립공원,215955
환경부,환경개선특별회계,국제환경협력,11037
환경부,환경개선특별회계,국토환경관리,2223
환경부,환경개선특별회계,기본경비(과학원),1509
환경부,환경개선특별회계,기본경비(본부),8760
환경부,환경개선특별회계,기본경비(소속기관),9437
환경부,환경개선특별회계,기타 오염원 관리,138804
환경부,환경개선특별회계,기후변화협약대응,7000
환경부,환경개선특별회계,대기오염물질 관리(환특),40864
환경부,환경개선특별회계,물환경 정보화,1329
환경부,환경개선특별회계,법정경비,123539
환경부,환경개선특별회계,산업폐수 관리,261871
환경부,환경개선특별회계,상하수도 및 토양지하수,24100
환경부,환경개선특별회계,상하수도 정보화,1330
환경부,환경개선특별회계,생물자원 보전,7393
환경부,환경개선특별회계,생물자원 전시 및 연구,32550
환경부,환경개선특별회계,생태계보전,194406
환경부,환경개선특별회계,생활환경관리,58463
환경부,환경개선특별회계,수계관리 및 4대강 감시,3324
환경부,환경개선특별회계,수도권 및 수도권외 대기개선,101498
환경부,환경개선특별회계,수돗물 수질개선 및 관리(환특),5047
환경부,환경개선특별회계,수입대체경비,100
환경부,환경개선특별회계,수질개선기반구축,83700
환경부,환경개선특별회계,식수원 개발 관리,24857
환경부,환경개선특별회계,예수이자상환(공자기금),5877
환경부,환경개선특별회계,유해화학물질 관리,31253
환경부,환경개선특별회계,인건비(과학원),21086
환경부,환경개선특별회계,인건비(본부),58759
환경부,환경개선특별회계,인건비(소속기관),41499
환경부,환경개선특별회계,자동차배출가스 관리,3968
환경부,환경개선특별회계,자연보전 정보화,3056
환경부,환경개선특별회계,자연자원의 보전 및 현명한 이용,22020
환경부,환경개선특별회계,자원순환 기술개발(R&D),18000
환경부,환경개선특별회계,자원순환정책지원,2311
환경부,환경개선특별회계,재활용 및 처리시설 설치,150679
환경부,환경개선특별회계,재활용산업육성,103617
환경부,환경개선특별회계,재활용시스템구축,2321
환경부,환경개선특별회계,저공해자동차 보급,27325
환경부,환경개선특별회계,전산운영경비,2851
환경부,환경개선특별회계,전산운영경비(과학원),815
환경부,환경개선특별회계,지속가능발전위원회,2081
환경부,환경개선특별회계,청사확보 및 시설개선,6610
환경부,환경개선특별회계,출연사업,112197
환경부,환경개선특별회계,토양 지하수 관리,51850
환경부,환경개선특별회계,폐기물의 안정적 처리,18220
환경부,환경개선특별회계,폐기물처리 정보화,6574
환경부,환경개선특별회계,하수관거정비,1501146
환경부,환경개선특별회계,하수도차입금상환,64200
환경부,환경개선특별회계,하수처리시설 확충,681382
환경부,환경개선특별회계,행정효율성 증진 및 능력개발,3683
환경부,환경개선특별회계,환경교육수입대체경비,298
환경부,환경개선특별회계,환경기술개발(환특),138757
환경부,환경개선특별회계,환경보건정책 추진,37927
환경부,환경개선특별회계,환경분쟁조정활성화,504
환경부,환경개선특별회계,환경산업 및 친환경제품보급기반구축,66431
환경부,환경개선특별회계,환경시험연구,64035
환경부,환경개선특별회계,환경오염 감시제도 운영,292
환경부,환경개선특별회계,환경인력개발,2660
환경부,환경개선특별회계,환경정보화,4681
환경부,환경개선특별회계,환경정책 및 연구정보화,3770
환경부,환경개선특별회계,환경정책연구개발,2032
환경부,환경개선특별회계,환경친화적경제사회기반조성,25054
환경부,환경개선특별회계,회계간전출,392160
